,region,year,prep_temp_2m,prep_soil_temp_l1,prep_soil_water_vol_l1,prep_net_solar_radiation,prep_total_rain,plnt_temp_2m,plnt_soil_temp_l1,plnt_soil_water_vol_l1,plnt_net_solar_radiation,plnt_total_rain,grow_temp_2m,grow_soil_temp_l1,grow_soil_water_vol_l1,grow_net_solar_radiation,grow_total_rain,head_temp_2m,head_soil_temp_l1,head_soil_water_vol_l1,head_net_solar_radiation,head_total_rain,hvst_temp_2m,hvst_soil_temp_l1,hvst_soil_water_vol_l1,hvst_net_solar_radiation,hvst_total_rain,yield
0,Asahi,1993,-0.060561904247802105,-0.003972816540460423,2.2382620703835223,0.9593886558637862,0.9517311043263531,-1.5726483357783219,-1.3421868019442296,1.8132578855441528,1.4413148063189745,-1.2795277232153677,-2.7362087799798394,-2.5384724880127223,2.268994862727739,-0.9196786666289902,1.572625652675891,-1.5680932877714402,-1.779113967067848,2.8908407831615746,-1.0782915703736269,0.6283208876845802,-1.4555007678198857,-1.898463138903058,2.1200064760530726,0.689816307490613,-0.11007063543842625,-3.1609948706200863
1,Asahi,1994,-0.8055555609154043,-0.7934335223434336,2.159424088643669,1.1809033637280173,0.6549217227884462,0.43449190039228225,0.45805828694981926,1.6782699450359277,0.747848245156024,-0.2526705428903822,0.616557728585507,1.0509296432247073,0.8811822412919137,1.5135086992450788,-1.903578234147457,0.9161866281233483,1.193803948690646,0.6133431281704228,1.8505439844335025,-0.11943181345960648,1.6780671818520605,1.329429091059612,1.7960295545378928,0.0055231267058905124,-0.7172699501220668,0.9467354197906109
2,Asahi,1995,-0.14740032222645053,-0.19490685524993115,1.6607187784201625,0.9993551256231871,-0.9232704152267557,-0.36075372399206257,-0.19359250061049452,2.3158160073134404,-0.08062592605906813,2.1978086918885578,-0.7135426128108479,-0.6296034930916085,2.2583470192037556,-0.0908278748694044,0.03136151659686958,0.07908455468062922,0.40951251171392644,0.040693777689592515,1.6060521746523837,-0.08413751529888495,0.8347875569494824,0.33205833929407663,1.6975191524469782,1.2558799475511542,-0.8109014410203201,-0.53903936610262
3,Asahi,1996,-1.1689135004794633,-1.1549940421980198,1.38948642433728,1.1197422878416117,-1.3108991489735349,-1.8494880329383225,-1.477761832917271,1.3410869745165275,1.2323927267396957,-0.9379117660094797,-0.9742758990428859,-0.5352124068260484,1.2339953964304438,0.9668080103735038,0.3674542070505441,-1.952744248437802,-1.806702964916067,1.4877433667257172,0.5551549508420899,0.772871195274047,-0.9157076787950307,-1.5736286118034315,2.1019354705286335,1.1146774054754165,-0.7998423382718433,-0.2477109767117904
4,Asahi,1997,0.5849493075096901,0.5492971086782199,1.6304291700766704,1.4655548087880053,-1.039115989399987,0.1871188528163942,0.4456470690900655,1.697099658456875,0.4117802325161059,-0.09824247282551792,-0.5109088584517841,-0.20477927950052183,1.7410728030401303,1.035939613099863,-0.673741851488309,-0.7369783764156329,-0.6331206836764925,0.9329831838599042,0.5723409479208148,-1.211379194755305,-0.7329669579101499,-0.9691842489907277,0.8230752239944794,3.1243108007794005,-1.23799695716992,0.5097428357043665
5,Asahi,1998,0.962959138581999,0.9092293585580494,2.3611853557782814,-0.6606819647850886,2.1862726292293915,1.8182447162251991,1.8070051051625704,2.4167653357545498,-0.9065081987879741,0.34275521830219735,-1.0919107332109088,-0.9333222834087875,2.4983558592460837,-0.6351627280898624,0.8777040811287157,-0.22642886183878055,-0.35837557796363134,2.861660130298904,-0.4449012970507004,0.1715022744049504,2.246737160346705,1.915539482008367,2.1627327750356864,1.1020914884695852,-0.6508627589366133,-0.6847035607980348
6,Asahi,1999,0.4351977994568774,0.3214485684192797,1.8596621047370414,0.2983463087496922,0.8965023916455169,0.6671447311163992,0.8114000242019463,2.07882550631223,0.9727830510498701,-0.361704007196882,-0.24456361111805303,-0.1564194466980324,2.002154073452313,0.8682074565395044,0.03567188065552344,1.5508818593698763,1.5607381072523532,0.21257247382289607,2.003849882114417,-1.8752316001859843,1.1600248254111991,1.1765208151115238,0.06110556780147393,0.9706086095994988,-0.5086668368267242,0.3058129631307858
7,Asahi,2000,0.11101046883684368,0.19453514462741123,1.8559004065743525,1.3170101592403423,0.4654359616771428,0.1515963348569968,0.5432737362638006,2.353009252934697,1.0127923337448959,1.015046923235045,0.18247647098649714,0.38081982915131174,2.307687412883994,0.9011853844136831,1.2459039761081987,0.45129750457745005,0.45636947468493755,1.3266901067877344,1.6440250590815464,-1.1201592988112696,0.4066597509156483,0.12315567232030859,1.7881618355606155,-0.15652306900190746,-0.47022182751979397,1.0632667755469427
8,Asahi,2001,0.01726182276990258,0.04774413932517046,1.9404498478944252,0.673114038037475,0.630649304195403,0.32983810578409245,0.41107983440867973,1.674602723080814,0.40176723827274263,-0.46859379425932457,1.2716755148570407,1.6464477279581131,0.9123665655946984,2.1944677657656246,-1.5832635041159602,-1.01390118317343,-0.890030133178543,1.22629443758955,0.599346853559716,0.15164554969538918,0.5488239217720757,-0.0916481999350936,2.1245481174665226,1.3987016715982217,0.6762969945158902,0.3349458020698688
9,Asahi,2002,1.9157322795609426,1.821381264278974,1.710055962771157,0.8447913644600874,-0.3678327814675223,-1.1659089511725653,-0.8459167651088751,1.7666808971174204,0.4708809733811736,-0.5559401767368246,-0.048335097408946336,0.1622164029792987,1.858433691387218,0.846057100605414,0.043354393868334846,-0.44464181194462743,-0.34718992741451865,1.884149940338759,1.0515783275220512,1.007973506941014,-0.15747660911255226,-0.30841019939770753,2.0897827573424808,1.2969748042690175,-0.5284382275881063,0.10188309055720511
10,Asahi,2003,-0.42333335415874496,-0.560167988683598,2.3346403496652455,0.1233650184749004,1.349066385859343,-0.873103782841122,-0.8398692170930009,2.1221008347998525,-0.029631168334280963,-0.26130468115085664,-1.6135543184667442,-1.3424189376486901,1.9012657367985997,-0.18721818548471011,-0.9915468162153405,-1.0497222465533105,-1.0885413278320473,2.5937080567808506,0.14887224069288774,2.0952646019725565,-1.0474884009056447,-1.5798517010096267,2.081314374694926,0.41221208416999794,-0.17884888238629953,-0.4807736882244541
11,Asahi,2004,1.0532509456352304,1.159690409981879,1.368849003989321,2.05953466999417,-0.9820066725654972,0.04247273263837124,0.3292042809307189,2.3824851954079627,-0.5717708244923712,2.2372700437568396,0.7197955223570132,1.1900783401100994,1.1315109235030163,2.6077698290121525,-1.517988144580575,-0.031624441628743206,0.08754018630455435,0.8002472090371578,1.1843044584690563,-1.0994102920329494,0.023628818307852587,-0.36669801338508323,2.314718918048784,-0.9525763768297665,3.253972356079353,1.7915877490240169
12,Asahi,2005,-0.09156305731905515,0.02054639171618394,2.0999675821971073,1.174868846144791,0.14540888670649094,-2.1864538518252283,-1.6931919865539165,1.358491776559459,0.9499831204175522,-0.04683614195161617,-0.7578810391318827,-0.4954914747223702,2.4282511561245013,0.31429296575482074,0.7667741031725362,-0.08287454909319512,-0.12036870865788044,2.4442894479589903,1.423330521030762,-0.4611902821278131,0.9853940965044806,0.7239922528130741,2.0500521709050403,-0.23460402818627532,-0.3156724787430548,1.0923996144860257
13,Asahi,2006,-0.2890755227632269,-0.363295346278235,2.0492251534737593,0.010039643771919437,0.42517728717271447,-0.6759734700765515,-0.6697406958659258,2.205518796160751,-0.47406674723992975,0.055776118721400196,-0.9768327504794373,-0.748470392580583,2.2831550177095523,-0.43019733439979124,0.3565213160451693,-0.5287321403882099,-0.6369353023089368,2.4121157581100907,0.5421530216369231,-0.12898399996003548,0.7711706526617509,0.4437118255906472,2.0771517559578347,0.6956969277275379,1.5351901563865564,-0.3059766545899563
14,Asahi,2007,1.4427214745154666,1.4072544096324189,1.8935579749242233,0.8140638535841708,-0.6377766137068125,-0.04777543568295279,0.35739410134087307,1.8279787705007535,1.5464565826590924,-0.12013287344610238,-1.2993566130940937,-0.8934276727355137,1.6117044451912568,0.8777343779818618,-0.0052874331265194,0.8053451499294852,0.7825071882560583,1.126503897883782,1.5158208687456765,-0.8734502333230721,0.3193510339966806,-0.1266799003803399,1.7363326541735478,0.48869031834265414,0.47100986480224616,0.5680085135825325
15,Asahi,2008,0.05347928381390015,0.05238576607152266,2.1198334680227036,0.5910957467186593,0.5433730633729583,-0.9051002648850232,-0.7150285838480659,2.49937749971145,-0.5233276428797001,1.7302153978939103,-0.6912914492837586,-0.4230868088504016,2.01027967131626,1.0781652267163213,-0.5044706387724415,-0.2275549578568931,-0.14915129726589005,1.5804190456729836,0.768009761422562,0.531613901773407,1.0133137410194695,0.40343609954281173,2.0341808035419855,1.016280329642307,-0.6867715376921245,1.3545951649377723
16,Asahi,2009,1.4665536540632933,1.4550910078308972,2.088891455182359,0.6755238395191403,0.6004725802639876,0.8652319235160827,1.0684483037293542,1.7524834640608264,0.24083352764566712,-0.4235367990472585,-0.24537000272493273,-0.17574922823187375,2.2938127243909667,-0.20820303588804095,0.011671538432238004,-1.6713527258074792,-1.6831297827827534,2.4389515881804984,0.17472991900328758,-0.394771511377376,-0.05228602463521771,-0.6433840701177237,2.019139444159679,0.44124764658981425,0.2887866029814063,0.36407864100895176
17,Asahi,2010,0.356190743315717,0.2976095681825289,2.1987808070002606,-1.261049140236864,1.9967974460614297,-0.5233183984323487,-0.280498514483397,2.09175633975827,1.058098078869255,-0.14721174235315443,1.2273436445653882,1.2861869144520246,2.1104843678705083,1.4268002635212582,0.4218618380333108,0.9966693729434785,1.0998415609987509,1.495756365341674,1.8756912043162572,0.6046496753587682,1.1028959147060127,0.6876461930096616,2.2898072699170426,-0.7149817651677439,1.0283384874865964,1.03413393660786
18,Asahi,2011,-0.5372089451420495,-0.4181031955808915,1.6650527390625407,1.9159849433232845,-0.9270526009804047,-0.4705327232209946,-0.16740936658734495,1.840962972204179,0.25127583657765973,1.8249588067096723,0.6263327683081285,0.8002921697851778,1.5777307994186116,0.9490822942682208,-0.5776977459793741,0.4953375402520218,0.43151355608665193,2.1781377534607578,1.4547927983705382,-0.707851226504278,0.6572452079718619,0.22892136516539693,1.7265996599773203,0.4642279621456453,-0.3937891090563545,0.07275025161812215
19,Asahi,2012,-0.6109065449536509,-0.8354266754809098,2.1105915308293084,-0.08635179925597683,0.9627035078828755,0.3829645874407731,0.7399290021967347,2.0857197148344593,1.3216071653221009,-0.06109533106991456,-0.8247853183875294,-0.5757374063812362,1.9732911357181238,0.9863826246439473,-0.28553643033311776,0.982483620390147,1.0409658698463216,0.95010454753919,1.6838828568309594,-0.31960478914295415,0.7650017407308313,0.520990791121169,2.217067874549778,1.538828111370032,0.10182138704499269,1.3545951649377723
20,Asahi,2013,0.6258862852910821,0.5063629423735521,2.0284706143864337,0.926052914641073,-0.12733289006035703,-0.6522874221234876,-0.22110884408250372,1.3894024392011284,1.9694762371247725,-1.5921229942033321,0.1093242957846547,0.4527549196315514,1.3095369082330592,0.8223281364401056,-0.897371271254996,0.7437716463899706,0.788928219363968,0.9082741615130251,2.135013544499864,-1.2639606960806296,1.989038841473554,1.5809009070429876,2.0427291446651283,-0.31593249406864643,1.396400308427843,1.4128608428159384
21,Asahi,2014,0.27272291587237424,0.22352680872388334,1.9787042525149616,1.1810743699704829,1.1152516904054408,0.5084206831565892,0.7476533703441781,1.8297999359163108,1.9427851973946844,0.10017148325858416,0.3681366654246438,0.7085770199982281,2.0162408712007305,1.5069530501262038,-0.5150896302679305,-0.7399643142734652,-0.8415021431438583,1.9920293358104528,0.7400361358081117,-0.2188164913420514,0.6348430170158346,-0.0035727111050607753,2.079759084834386,1.0943914599193083,0.5500912302673688,1.5002593596331872
22,Asahi,2015,0.5926150722687019,0.5096265311108177,2.303152917279532,0.15972495117473204,1.1264059246681863,1.760333836393103,2.2036280440098333,1.154069729246524,1.8483774742224786,-1.3562285856105043,0.003037948377165609,0.13049755015277587,2.089327381473922,0.7516022703917917,0.7259251145551352,-0.3773359191729595,-0.3645530191205092,1.7757631388205162,0.4826569495650458,0.6649032276026723,0.02429357174874503,-0.3994228790384055,1.5492159748277736,1.6168523854712702,-0.99704298674145,0.8302040640342792
23,Asahi,2016,1.5190272283136363,1.381688456392065,2.0466211309875515,-0.264354507933685,-0.28386668032390605,0.9641313323736451,1.3087008930855073,1.6149578945551901,1.5127423341277253,0.12086039881469625,0.004808076294760945,0.2261365491030453,2.064596849850452,1.09604206237096,-0.2860495185530022,0.55056719970787,0.2678503398207,2.7186509917271207,-0.3497619653612656,1.6596363389766076,1.2246122697225141,0.8359810348643575,2.024876952334863,0.5724297288091004,-0.690032008272946,1.3837280038768554
24,Asahi,2017,0.30354467210856567,0.3318631523489557,1.8814798148377538,1.6113747588723817,-0.27855961480273783,0.9455573811011501,1.3707844712389023,1.5718403504807068,1.4338053571244966,-0.3830338990642298,0.33549419541835407,0.6121532512153826,1.299453884583862,1.5275602614019694,-1.1702821986864047,-0.49900014823717953,-0.599100911122349,2.2100225922403824,-0.30596656170097886,0.2510146246719084,-0.20843660788674354,-0.5880468587711651,2.3030164100843313,-1.1631221468081103,1.2458491025186287,1.03413393660786
25,Asahi,2018,1.5298048381728202,1.4389140398996856,1.74649105593067,1.2868089162241219,-0.6352954364704101,1.1612747530784635,1.356668944392875,2.117266472259313,1.1040632134048791,1.6125603875783785,1.4466231573790815,1.6511692120332735,1.7283139356021464,1.806104581554193,-0.11300438894920933,0.5091513244373514,0.37419196882149847,2.2928616234937684,0.4853992728118193,1.2612373386262952,1.657286989291575,1.2285721280625523,1.9457590158429974,0.6347778345984119,-0.9791460779803871,0.888469741912445
26,Asahi,2019,0.956562951424847,0.843827181237725,1.8057323805454375,0.4111306258638988,-0.18781166014261297,0.6949859961148445,0.8523446731546418,1.8642003130483116,1.9448463822809767,-0.23766480218198466,-0.7996429459284423,-0.6624223101916278,2.4113263889370185,-0.07956259937198586,1.2523313267346123,1.1458286884939248,1.0494135693464381,1.5551348587576963,1.6721965485251944,-1.0217785148124932,2.548601697828735,2.232514676619071,1.816014395428652,0.04132249952881162,0.9212384039818491,0.043617412679039194
27,Asahi,2020,2.0143625895046275,2.0041387091755807,2.228594875099061,0.3147009760358841,0.6740875357380169,0.9730840555346155,1.2090537950974154,2.1607200465077674,0.392022269221728,0.029752388346810456,0.29242763878632444,0.3056041434689308,2.567327583528342,-1.1681233591610407,2.324122198819421,1.1697110958995007,1.1729867514796963,1.326331499535002,1.5706002219729978,-1.5380156186437643,-0.10652990540714409,-0.5061810473171754,1.9859882701391713,-1.1263271279282845,0.9203849834154335,0.917602580851528
28,Asahi,2021,2.4750881612886086,2.4630147929775448,1.5127416750888407,1.7138050331544854,-0.5474174948222695,1.3254254882836731,1.627819006339036,1.4170544740163629,-0.03622743435128755,-0.3274848710297623,0.2573791060179368,0.4935822485485412,2.0004908471598233,0.918719725022002,1.2959785061573867,-0.18973647529566193,-0.4418635977632588,2.7921536005495837,-0.3436220154645866,0.9918802906335766,0.649454297645325,0.39394052377123867,2.1908297933162855,0.6671102745950862,0.4330291078882853,1.0923996144860257
29,Asahi,2022,0.58865799208028,0.6040238969214901,1.9677924836782676,0.6918553978536476,0.7964108154374291,0.12439735892861009,0.25370614172398975,2.4657955764871753,0.30268449161275535,0.5281606108259066,1.02710939693904,1.2609006012375048,1.851347115513941,1.8284613290926885,-0.32581553519902007,0.5174823967881458,0.45637434648394487,2.057189331852861,-0.5289783821802603,-1.0250727694644517,0.39172938863453255,0.004621917138421721,1.9385383754559742,-2.0337035390938616,-0.8648479048897803,1.0632667755469427
30,Asahi,2023,2.471051732500193,2.3843644190441813,1.9278576752693102,-2.863582531512009,-2.293249942416912,0.08249127408862558,0.32116379095511405,2.2499747655044424,-2.413281195778655,-0.9996956477124851,1.7358555030844045,1.8925373958919314,1.5735998316850157,-1.4763676228821816,-1.6234322838172206,2.423672514308043,2.535926117014877,0.1732129792332468,-1.5682745372681275,-1.763477667593677,1.024348648137241,0.9243918194490269,1.2471651299741153,-0.19683256303576607,-0.9628420460441164,1.4128608428159384
31,Ichihara,1993,-0.35817124876216594,-0.2389875068853572,-0.5534492965600413,0.139088672726393,0.6614636811121354,-1.7196381556652995,-1.9379445014109846,-0.7196839339187094,0.2759792204565248,-1.3224672161743327,-2.6753340808938404,-2.822673666639354,-0.4219995167068307,-1.7047172173005423,1.8552317453143512,-1.6642955177304772,-1.8766785629548581,-0.025466474511660578,-1.82657276821336,1.291033053165252,-1.9674300516188674,-1.8934109024720986,-0.5844508861059231,0.18484007868507085,-0.10760628058100696,-3.8310501662189944
32,Ichihara,1994,-1.0743862031496147,-0.9932976702782008,-0.5777199299860322,0.2542814664090358,0.5346368705855269,0.309132803434047,-0.09592734904023599,-0.776819251979371,-0.07544123962256175,-0.03394872506394359,0.6908165615372001,0.47527781382881323,-0.8567462802227325,0.4121622351564315,-1.4681158949587139,0.6610800209191056,0.6760778668728505,-0.8538537311631756,0.886450586740869,0.3038768383152002,1.0360443201752703,1.2455461403456658,-0.6243834262004275,-0.586892128515836,-0.7871255926563884,-1.3547588563969428
33,Ichihara,1995,-0.591408178947907,-0.5696961875511187,-0.7272347647180787,0.09060770971881853,-0.7727273953526155,-0.4654035862182004,-0.7089425514358244,-0.4248044622481974,-0.8317052731862878,2.106691759349756,-0.8790967765168795,-1.150246173488123,-0.46891512505140137,-0.8328364917014479,-0.3761300932424407,0.060390341689413374,0.30113154764350214,-1.648926849155268,0.8898766780118172,-0.21913657752021068,0.274664978197022,0.28975474452208694,-0.8132560131722016,0.6824999089545482,-0.8114127850184759,-2.141345507752183
34,Ichihara,1996,-1.6117156034730225,-1.5875270439079487,-0.8216535484730441,0.0501498203988622,-1.0500140332981214,-1.8552804317155271,-2.125682382905967,-0.806066586354054,0.05223712666862963,-0.8194550592563737,-0.7901091680847974,-0.9067018614786836,-0.8536640075659745,0.07582446382010509,0.326477238753824,-1.9827034979752878,-1.9118432082786634,-0.6015108130891011,-0.6117664211040472,1.1791090838955016,-1.594999277378654,-1.702030791636106,-0.614149414146366,0.5004473531490462,-0.8993572050907577,-1.150828983823362
35,Ichihara,1997,0.0682132838736804,0.028790301452037943,-0.8043420811444618,0.46602723469185,-1.2105585414272673,-0.22040700820170037,-0.35002744890994814,-0.569893579475705,-0.3339293010395387,-0.06851781832633805,-0.7626485836565613,-0.860926623092253,-0.6100024755954362,0.09824731418050667,-0.2810509892271738,-0.9673180048625315,-0.9765717966037287,-0.7096778070422538,-0.2750593830414775,-1.1183137063132802,-1.1701593418631144,-1.0800008370837602,-0.9896223339812483,2.3570743606635425,-1.2284347483232632,-0.7138363997371178
36,Ichihara,1998,0.6379886717783105,0.5174425794291747,-0.46385929109627494,-1.5835747705707335,2.763648681937506,1.7440105184540338,1.3709755187784796,-0.43276814533542013,-1.7680466574429878,0.32521838130642733,-0.9272567123311575,-1.1058256279439098,-0.3498895617605749,-1.6052907456081098,1.4522536788607292,-0.17096175408231204,-0.35613357605480145,0.0534166954557788,-1.197948776117157,0.6447642040366721,1.8638471554683875,1.9446887537341158,-0.5093166563865018,0.41758692718132223,-0.5350942416402583,-2.053946990934934
37,Ichihara,1999,-0.07240727026942095,-0.16743561467537274,-0.6929732917026054,-0.8448315929870157,0.880454713000341,0.29770792275012514,-0.0003870859320072594,-0.6398963640870758,0.21126714685872308,-0.09268489800774059,-0.47523422488300476,-0.7102475989525449,-0.6224920891096637,0.012316233584671063,-0.12191746475610957,1.2327123465171606,1.0328382475418738,-0.942823553474268,0.8721422548536839,-1.2873430767445309,0.7721957024675719,1.0945141794405577,-1.274497386452956,0.509127576499697,-0.5977316488262826,-0.9760319501888644
38,Ichihara,2000,-0.5544275913671114,-0.44236159868999736,-0.699513720917487,0.4251236199118015,0.10212562703015829,0.09915408767907845,-0.0028019818101435185,-0.5356404080291438,0.29106619250052873,0.3923150797788953,0.014445439401693733,-0.12831632438739102,-0.453255441368093,0.05370292603263455,1.6244740197731342,0.15791127594474222,0.022695566993260228,-0.39882478984810515,0.48033488446309486,-0.26608335126610017,-0.0980795596672279,0.148352477690376,-0.5468871451038408,-0.922007574338849,-0.27219403271362924,-0.13117962095545857
39,Ichihara,2001,-0.6131852297526342,-0.48358608152117444,-0.6569823988239303,-0.16789777441429643,0.6459355029657751,-0.08499543189911977,-0.42549397593386895,-0.6001834617037015,-0.6544496585117022,0.19322750734643462,0.8104116484732681,0.7603177956207711,-0.9048656406982618,1.2067389214271753,-1.4196747216626535,-1.2553178257997937,-1.204317195634442,-0.46015202915093323,-0.5180113648200512,0.49497840115076114,-0.2572241924163374,-0.2817461398052847,-0.527153188556793,0.665868688419442,0.66609589031996,-1.238227500640611
40,Ichihara,2002,1.4521039289883415,1.368662649033197,-0.7517854748969035,0.20075609655614318,-0.3001414207325934,-1.3109050533541107,-1.4088940054443182,-0.6927352315627139,-0.5395639804775297,-0.854054097506954,0.06010359442575551,-0.13613957906342045,-0.6299892137739629,-0.062132381091647426,0.38023263868501056,-0.6615182236543363,-0.5814235883796093,-0.34795767922287424,0.11502248362068844,1.041917176734774,-0.5370162566489921,-0.19020771642133544,-0.56603383590079,0.9425517791392017,-0.3877390052419433,-1.5295558900314405
41,Ichihara,2003,-0.7728315082399384,-0.8606535820295996,-0.49091534696874806,-0.7670135847263843,1.4526369027388368,-1.0395431644064093,-1.4463516931887708,-0.5725486608277099,-1.4223340073063586,-0.5078456694179374,-1.490246552124316,-1.6705112638094197,-0.4563956960341887,-1.2662651549381279,-0.6547117994544045,-0.9740297409484759,-1.0402905431616005,-0.21084423393383464,-0.5299754538856384,2.2658184005190614,-1.7653622891951952,-1.6579675647436865,-0.5677681937425154,0.17971007866184555,-0.2589235921372038,-1.4712902121532747
42,Ichihara,2004,0.8677739378589927,0.9853361774247983,-0.8813409840904867,1.023501022187729,-0.9757843201618898,0.6202694261441823,0.45286839119803035,-0.421074137074914,-1.317889748740046,2.152925293147751,1.2691180078175583,1.2884402330781006,-1.1859962957498458,1.7395592637158541,-1.5602905949258041,-0.021352509670386804,0.01425955981087214,-0.7566708687227114,0.2197788073780167,-0.2405305626415471,-0.5336924894448323,-0.3025586178876355,-0.4278866523157474,-1.4432990500548268,3.2857209128938893,0.043617412679039194
43,Ichihara,2005,-0.258807136764378,-0.12454726549117182,-0.5822635285304472,0.24201605137116744,0.2818506658680984,-1.9367174426301255,-1.927287072475769,-0.8833681762705714,0.06670603973479011,0.05287464132116992,-0.5402484008843497,-0.7151485508827907,-0.383674086626532,-0.7236010513400801,1.5688255681643046,-0.25283555868947816,-0.29039205854392874,-0.336546782403274,0.33481309638861156,-0.5376557085914512,0.3372289130344125,0.502151193259197,-0.5997208389691119,-0.7469243580765721,-0.5342550351304947,-0.53903936610262
44,Ichihara,2006,-0.7091594315559283,-0.772929303600402,-0.6090702184423772,-1.040659453170476,0.5627167206715618,-0.8911193358608914,-1.2673786329884522,-0.43583888736401727,-1.38770604191904,-0.03915770950642064,-0.8441321609239305,-1.0234363740863466,-0.4686408419447674,-1.2317255838392238,0.16564704575277284,-0.7810734430268687,-0.8796799961612948,-0.05634052891589859,-0.36310612570804324,0.6966236378729435,0.25083090832942884,0.3540604467138759,-0.632631708517373,0.1445346074635637,1.2902752572643532,-0.9177662723106985
45,Ichihara,2007,0.9149101112728896,1.0372811615748014,-0.6575615280408041,-0.040690390255370724,-0.47997758864536955,-0.21480991773360014,-0.2585005585758067,-0.5842969443950353,0.6862179868893606,-0.23645262138198828,-1.146450996763625,-1.2034979526654976,-0.6075824728637116,-0.05285252254044602,0.5563850219638058,0.5450926406047246,0.46515430267713775,-0.7601518858461969,0.6706517706596509,-0.45335342077619656,-0.2349044308869919,-0.20295700219592128,-0.6858898648756181,-0.06751322579016047,0.5431689190907086,-0.8886334333716155
46,Ichihara,2008,-0.4408311004599061,-0.32764962652729823,-0.5907127198683653,-0.23199451908689953,0.7207769788216535,-1.04043057195838,-1.244281122896129,-0.3358286082169887,-1.4335252450390956,2.8093676840203012,-0.5811599906775179,-0.7036195101363207,-0.6412275778897266,0.08693040883282153,-0.3695073081342131,-0.38097203735613133,-0.37948557029564245,-0.5441144211095276,-0.21665873604036884,0.2391819349399874,0.4638086042240094,0.396766396391338,-0.5712320729132957,0.14325288459196123,-0.4946668095528531,0.7719383861561132
47,Ichihara,2009,1.0518771798715074,1.1637991483727512,-0.6233383210335258,-0.2579952325494518,0.5689145746440781,0.6102641353845356,0.46302689742194986,-0.6196210775457784,-0.5504495390362495,0.21282497415235754,-0.20496191598387556,-0.4226719100453823,-0.4001750668163765,-0.9689280804756786,0.6258413568765958,-1.7079029490977085,-1.7078005730182615,-0.21753661086015202,-0.6981223344247343,-0.08401522643006241,-0.5098145458501793,-0.713550742100691,-0.6318196229363989,-0.3806118196154386,0.5860875548092351,-1.2090946617015281
48,Ichihara,2010,-0.06755838081449884,-0.028874773972990136,-0.5683946172462122,-1.9468996864707793,1.7067310126927149,-0.7621778388441165,-0.8102087429608564,-0.6122736185308865,0.2667963927381353,-0.5609961883589571,1.0844792427482601,0.7593734988057829,-0.5681054575085577,0.559289736374206,0.4229058960454362,0.8951164034886306,0.9248275401968387,-0.6510967585408465,0.949819621492092,0.7755201983134327,0.21038996800286525,0.3642816024984211,-0.46164827029324057,-1.5313462068426822,1.0121902382531658,-1.0342976280670304
49,Ichihara,2011,-1.017881030025555,-0.7941750548167679,-0.791415096419078,0.9708441945809191,-0.8735607227145901,-0.7910520095309037,-0.9398104458255375,-0.5638606249379752,-0.4795067098828656,2.240535237590506,0.6111358923341891,0.37935706964352106,-0.7279497492000684,0.015290317434653427,-0.4931864117282375,0.25720288154073245,0.1586421442767237,-0.31615268211824865,0.5299761807425154,-0.4367723643037699,0.0770630293888486,0.20854343038111184,-0.6462559794384717,-0.18868225378482292,-0.06780537409811449,-0.16031245989454151
50,Ichihara,2012,-1.217881936568087,-1.33335057645076,-0.5844260479221103,-0.9610093672202932,1.4470457851784413,0.14594156945191036,-0.025494031296867937,-0.5668715227981134,0.3320462956489022,0.027402658871221446,-0.9005526936869124,-1.0811015186914432,-0.5355460806332999,-0.26327930645606773,-0.3720802825730411,0.7385054914820178,0.6291332115195412,-0.8064808330261646,0.6916769431439646,-0.2993917815550172,0.004767104177678456,0.38174380540028413,-0.5065039804931911,1.0388989577967505,0.06893513902492912,-0.4807736882244541
51,Ichihara,2013,0.22764842608587837,0.2346413372789977,-0.5855356435454381,-0.03058678683565624,0.18239481905846477,-0.4345409410021248,-0.544216964583676,-0.8621366170430377,0.8905125996632167,-1.5534654042089904,0.061918303342718854,-0.06128990488498523,-0.7309906068697364,-0.34110360598351025,-0.3981849334568104,0.5534293179583097,0.5115830345142954,-0.7721825922714368,1.1754518456150107,-1.0834619727675854,1.1994579995214354,1.3011609765770553,-0.5774416578785642,-0.9822911545440501,1.5899795206365381,-0.3933751714072052
52,Ichihara,2014,-0.25064285580025664,-0.22992840484388183,-0.6201089793705518,-0.020948197147707043,1.7040470397946064,0.22998181729141712,0.04639344685591788,-0.6805595273174154,1.3159154250316614,-0.15871363535024066,0.3444936568719919,0.1921579451109238,-0.5581479528117984,0.5033910623558695,-0.5478229542085222,-1.0186399582720194,-1.0537703238690326,-0.34739262714143265,-0.031123867608997685,-0.04338870370545232,-0.09100126502927805,-0.1735515645135849,-0.5569521327413344,0.16693792372966826,0.6989012929413665,0.10188309055720511
53,Ichihara,2015,0.2051965671862332,0.18758750696232201,-0.5108920159823536,-0.7978348563222704,1.0982559118405906,1.5858828817736756,1.4633875502313325,-0.9310090493064846,0.8194540215772095,-1.117159609003386,-0.28123607235002346,-0.5243896589289408,-0.43900929198242483,-0.3531682495834399,1.3761291752908738,-0.6180998337453845,-0.613102948684753,-0.5069616461065165,-0.49532479185958184,1.580889578098726,-0.6028574259497261,-0.46360116884337005,-0.7780654494766317,1.2175632998995127,-0.6934315683040279,-0.5973050439807859
54,Ichihara,2016,1.2043513798900534,1.2038517702373437,-0.6036343695283208,-1.2475554227930918,0.21323595488862068,1.0103224028670996,0.9504084131167839,-0.7047078200173529,0.6784007831045532,0.12488518182562626,-0.05097455481492593,-0.20769707946851523,-0.48877903096047837,0.006070683059039697,0.3984074700734885,0.3142307278055451,-0.01178215466879228,0.01840718998770267,-1.363794187906114,2.1905412622064753,0.8827229275678888,1.1409969004984821,-0.6347587599845768,-0.15231182446314856,-0.6516935597916127,-0.568172205041703
55,Ichihara,2017,-0.17614970002398733,-0.12180528704882289,-0.7225081571844736,0.8521813299013877,-0.41378706819538646,0.8847457141013908,0.7505506956208818,-0.8139979531684259,0.6806956005700167,-0.12259569516040983,0.3891861087765457,0.2677235609481881,-0.9169761493728397,0.7178039199155198,-1.2449154836304197,-0.6161227963924214,-0.7653106167359207,-0.060213983961277175,-1.4333692428735918,1.1837535090347524,-1.0635209243916746,-0.7938366399587442,-0.4320786996722688,-1.828121736701706,1.7130934652144856,-0.36424233246812227
56,Ichihara,2018,1.0943604203733521,1.0429579028050324,-0.7330697972033321,0.4976508182782854,-0.5804885246335239,1.083742597551414,0.9418635026588951,-0.5308782297481983,0.4014068274056857,1.8105238021197072,1.4607343548971043,1.2832929148806083,-0.736542501131985,0.9018277543205216,0.06440733726614398,0.2915890642026102,0.18882683664264752,-0.21632747488508167,-0.302840853178918,1.1123630458388196,0.74887083373558,0.9504684408791948,-0.6525193998602917,0.2559644981836945,-1.103249219110003,-0.4516408492853711
57,Ichihara,2019,0.3465812828478313,0.353105026732018,-0.7109501285879583,-0.5618831852303734,-0.18109258836152295,0.537841454949946,0.15522182228624748,-0.6964176413222993,0.7771455333936582,-0.4807800146966978,-0.7970120113605629,-1.0227834713157016,-0.3928491963600413,-1.0733968651993906,1.36376045529966,1.0814088626209841,0.8994021082932651,-0.5729627440681414,0.6493599641302602,-0.6181265847411636,1.95396910894896,2.0468466642591894,-0.6619921682226125,-0.8158865159364632,1.427760877638422,-0.8303677554934495
58,Ichihara,2020,1.467898785332225,1.5855471523558848,-0.5453792068747342,-0.5263762193431855,1.3336385090279657,0.8224279447719143,0.6373790811610295,-0.6147669919535963,-0.4852053286959393,-0.30128131716201084,0.44837853073789863,0.11237451305015836,-0.3468233681052551,-1.925203834726861,2.047841781608419,1.1608057655341266,1.0530898288866306,-0.7391188146014218,0.6600865750094966,-1.1667501241933922,-0.9477049209160697,-0.7539900924768375,-0.5617625613962001,-1.4252467710566834,0.6627466146786612,-0.36424233246812227
59,Ichihara,2021,1.9776128028519215,2.0253097432416167,-0.8034402488013396,0.7511793120811312,-0.5558864946136678,1.2227732761450196,1.0687025756345483,-0.7144693383649294,-0.6918929557756425,-0.13902893649034637,0.32074116262967506,0.09543634974399308,-0.5390992779609202,-0.1252848573773816,1.6172620541183291,-0.43043109165159216,-0.6186499790484741,-0.048921651057214806,-1.4569844644530858,1.53402780169324,-0.026056183366791164,0.242368066109636,-0.5153990878735165,-0.015648568987894504,0.3538424251307613,-0.1894452988336245
60,Ichihara,2022,0.053192248877848645,0.08709681656416432,-0.6811266899585791,-0.36053008254091146,0.7100379563148004,0.05796369637434676,-0.28929769684640194,-0.3883273743432881,-0.5445620573387442,0.5134566464946115,0.9582219188127705,0.7558587591617733,-0.536702576938627,0.6833694935178675,0.4484267971053592,0.535959543307071,0.4027519162143739,-0.21469352807201744,-1.5824550869201974,-0.7530975013617015,-0.6478864945248196,-0.4061113587520157,-0.5817860846372843,-2.329374486966063,-0.9728274077245866,-0.5973050439807859
61,Ichihara,2023,1.9858843769231593,1.9600721551157383,-0.6707798243571418,-3.6008190516637972,-2.213214911579511,0.12097880812275885,0.033011872428119426,-0.4805851547148775,-3.023743734834921,-1.2000729507861434,1.7468650431289017,1.534021730382616,-0.8793146433512696,-2.0726452364884875,-1.6065881440521173,2.1203256861454682,1.9972878379052668,-0.9142833995125154,-2.230771235555121,-1.100125654647101,0.47473183276377645,0.7736602835400841,-0.8983245959318645,-0.6350880718814255,-0.9677568250389806,-0.21857813777270743
62,Katori,1993,-0.9586517849601895,-0.7880911286130318,0.021926807077322544,0.4684523034875938,0.5407213031197257,-1.828355848668773,-1.7409034752182113,-0.2150274165667937,1.0000561956409226,-1.3360303327625846,-2.8010894315173904,-2.7445957152477085,0.09264486832483887,-1.4249460811703687,1.426192469612079,-1.7870544208274104,-1.9199804117878807,0.573383561231687,-1.7279755893297741,0.6096823076024089,-2.151967379469837,-2.1562765152592753,-0.02739819358671569,0.2497879879080023,-0.26053779791746323,-3.0004642816367406
63,Katori,1994,-1.722192314420025,-1.624790460452015,-0.02783015160165931,0.6070391003414799,0.2687701300702398,0.19172410914232707,0.08344475769954199,-0.35056781346273475,0.27677874988355244,-0.4266425678113656,0.6974077748857119,0.8588690196713843,-0.6834788990849634,0.8961720279754065,-1.753111495776538,0.9777015339062413,1.1973083961187918,-0.7176899148091187,1.0828759754704778,0.08669491031744217,1.1087213706925378,1.1514228102238804,-0.15628160271276662,-0.489364010626422,-0.7904098504006766,0.2395530477129317
64,Katori,1995,-0.943356479803036,-0.9210118817816532,-0.273251008752393,0.4743475254453898,-1.2711942878556683,-0.47320674302313714,-0.4823743720556987,0.07563075602527462,-0.5340263151409529,1.7255362759406405,-0.7875295890799786,-0.9020215456570088,0.11238466797329864,-0.7166230875115711,0.17519405943197375,0.11756544666425567,0.4264517569052255,-1.2504902266279707,0.8536183948726663,-0.20108541564034563,0.2617700909517356,0.15565253686051464,-0.317243344638282,0.8843877029535776,-0.8983386412171956,-0.7741282404818913
65,Katori,1996,-2.0006001026921045,-1.92873712607273,-0.4645308363329391,0.6277076183450777,-1.5660338486388452,-1.994072982728721,-1.8561848592699357,-0.4735455757002486,0.7351721952957625,-0.9597360701070199,-0.8092824943784032,-0.6203845917377163,-0.5480653504016164,0.30326422057390673,0.39128180915840755,-2.058202376210527,-1.8600629676117777,-0.3278002352487989,-0.22796912878395553,0.86326141520174,-1.6125531999062068,-1.8359595396272559,-0.05035991127606167,0.7088772762099503,-0.9029638588726877,-0.24145388456747982
66,Katori,1997,-0.22677652185511443,-0.19306300984916344,-0.33506785403774153,0.9619054261151371,-1.211924514124271,-0.0198882928938263,0.08686253862360474,-0.20784694254011096,-0.021960627302218177,-0.0038575208747534196,-0.44698101650943556,-0.319848836438591,-0.18993940380027863,0.5740744466647644,-0.6127860938390406,-0.8927346104188101,-0.7712020832903473,-0.48567481964730785,-0.14687575048747192,-1.2827714087819808,-1.419406871827465,-1.2963278461873033,-0.77454023305411,2.608970862605961,-1.2488366182852035,0.27581547438891973
67,Katori,1998,0.010091699266688813,0.026073228726492235,0.08803724546069086,-1.0938280413506483,1.5698095829237475,1.5932731384620342,1.4417538216474408,0.18534177769211832,-1.281984512856446,0.45825169405261046,-1.1920475251120437,-1.1244276748296633,0.22499326960098925,-1.123090798425226,0.7460467615694438,-0.34747993756590917,-0.44720714932133,0.6368691029229183,-1.1796666982785624,0.4311752937724905,1.700947995285488,1.762114850598134,0.027942383757906183,0.5887911466340208,-0.6539811239307708,-1.0627567798286228
68,Katori,1999,-0.5485310703947779,-0.579296049094437,-0.19309153036050178,-0.16898458327669866,0.6068058062157577,0.42075477905597075,0.35726582001925844,-0.04824118820060479,0.46383918466243174,-0.44308235352878916,-0.2727840393450084,-0.34433537056133173,-0.06809719158656459,0.2871208933510044,0.1634893121753542,1.494434385668258,1.432617100734162,-0.9382570682266558,1.1590230794532497,-1.6762933150153618,0.48991568769029425,0.8574980810924425,-1.1753184404964712,0.5629730721988294,-0.5904805779052026,0.16481533630422224
69,Katori,2000,-0.8251299405801822,-0.6457296990250885,-0.206932797634055,0.8606732739480385,-0.15478030951493466,-0.06587968576478535,0.11207439978355803,0.16872515941882973,0.5512547314486964,1.111752662958235,0.18706787685665738,0.21765417353483477,0.108481100813817,0.3545961981271507,1.2132508947774778,0.33135214303998844,0.36669914192931413,-0.23330124016720677,0.8365065806590772,-0.851143988483384,-0.33664538817538436,-0.17354083504946335,-0.10572354981516746,-0.5524543557703671,-0.5479627131719979,0.9496859294490829
70,Katori,2001,-0.9397058692079425,-0.84944318996074,-0.1674315116393627,0.2511057572387056,0.18698755578028212,0.0509994477426648,-0.062088110858671636,-0.26044355750300896,-0.06380260143047285,-0.5629620973085627,1.3332530202867061,1.4785112721294291,-0.7427524854638334,1.5971500683997202,-1.641018214593255,-1.2635123399004315,-1.063056135193762,-0.3024763290618676,-0.20280358817627653,0.10305225806033895,-0.2303535288310547,-0.4333659859335766,-0.027824768803638638,0.9900811546885495,0.5176066801982917,0.08012156120106245
71,Katori,2002,1.0711774043729736,1.0471259684930163,-0.29136059482093557,0.3110939767972812,-0.6725593408045653,-1.5208807105897053,-1.3096583239803106,-0.24041105434446852,0.03179907909747227,-0.6942803402895168,-0.047558207933952025,-0.014058768366332693,-0.21374195101009996,0.302425182258473,-0.235216895682358,-0.5998893494810768,-0.42969140791266625,-0.01631076486839624,0.3366324793685496,0.9632776608024097,-0.8545858157552731,-0.5651707470843312,-0.07056909094670537,0.888003357933411,-0.674191485408123,-0.07109855263999197
72,Katori,2003,-1.3260565031300444,-1.4059802283107221,0.06407545275797964,-0.34610735442748425,0.9224731578083551,-1.2716288582508695,-1.3636097826427063,-0.019146347117363256,-0.4228649420306405,0.0844781595522096,-1.8361391627315746,-1.6951847704169207,-0.054213975572006134,-0.7870648189878775,-1.061244223173127,-1.2675165199344507,-1.2566419410384333,0.37988040323385774,-0.5977322058316991,2.1393455283532092,-1.926722323578043,-2.0059008399112783,-0.04595015259216554,0.025336696569252956,-0.2690057736332398,-0.6450331120864709
73,Katori,2004,0.2096275540138369,0.3785261273837914,-0.46251624961581245,1.604278461989089,-1.2347025614894989,-0.18319356595562006,-0.06549672883121839,0.17741026321853576,-1.0083534233891598,1.9655492593424908,0.8481527424851035,1.0908435515167683,-0.5704910453552031,1.9093680094889594,-1.3919600263209067,-0.06320438621969231,0.06283529347593952,-0.6463047372985274,0.35223473013150525,-1.1196757837134736,-0.8808923252538332,-0.7734162343789017,0.11325069892917725,-1.3323556910602996,3.31882353044296,1.312694444985514
74,Katori,2005,-0.9871482822190689,-0.7964891718415397,-0.07647219162522155,0.7437073149966753,-0.33542788490947445,-2.6261946605574504,-2.2071236124809754,-0.4900731238285518,0.525144017651305,-0.45741396088991193,-0.7936201403224129,-0.7188303221386676,0.16405340894000595,-0.1941368836125722,0.5663149897273189,-0.19429436166736175,-0.19479518228097042,0.3835073378392485,0.6260389283948031,-0.2887500912827992,0.3977719974117106,0.5027283490181831,-0.01806557683044866,-0.6610675464242786,-0.39123138339527885,0.39321147994803474
75,Katori,2006,-1.1438611924574955,-1.2154820396450274,-0.10936265940662557,-0.41323724144449303,-0.0813666644842446,-0.8947253302116686,-1.0935982174253773,0.09179291792234859,-0.9097934839812103,-0.02332130250392839,-1.013176099039333,-0.9902020149272753,0.12321722309313776,-0.9938675558951828,0.3929259765542339,-0.6776213967126505,-0.7239748635938918,0.2725883112742632,-0.14834217988047232,-0.17414693682909768,0.07460432799577527,0.1563320695899653,-0.08313326524768788,0.24386729192682305,1.324871461371673,-0.6555707218589518
76,Katori,2007,0.6064677278772937,0.7245769645492741,-0.1862585251948708,0.3516377595229897,-1.0018216788320067,-0.3211000202109349,-0.08254669090766727,-0.11415045871713947,1.0799051698694442,-0.18748968381170794,-1.3425575683273818,-1.0987811393969071,-0.2593997310932126,0.2736835006381834,-0.1361054945084429,0.8271630479686759,0.7990575014923293,-0.5609411566981544,0.7175332072229661,-0.78306092721045,-0.33850005027531027,-0.35419818765193295,-0.21321663656958903,0.16268373871664604,0.2520672233520889,0.5097428357043665
77,Katori,2008,-0.8338807111972628,-0.7546399314544372,-0.0469516380773707,0.08316306849783393,0.21267009321031766,-1.1516912053619646,-1.074372054358409,0.1712718764890592,-0.9103448529148797,1.4863827009027941,-0.7005201532294577,-0.6056208412384404,-0.08292750188229363,0.4227511681351413,-0.6615806767603136,-0.39102656314517414,-0.29609125143047776,-0.055965436455721426,-0.03881722212964014,0.6881122974092646,0.3291827373865601,0.15522112298948434,-0.05491627675026065,0.5787630678147825,-0.7773445709391117,1.1797981313032746
78,Katori,2009,0.6653323143760597,0.7813496634427584,-0.08083590898825845,0.24053667277286986,0.34159913317171514,0.7206622663225533,0.767953889479132,-0.23354091075779962,-0.17053701271701424,-0.22763585452521085,-0.23840094355308322,-0.3314081101212339,0.15007195519248825,-0.7595088241207577,-0.08270251613856788,-1.9052155231385994,-1.7941856893016235,0.24190808943522313,-0.49664320265183204,-0.45868750796733954,-0.6675485717977759,-0.8650413875981383,-0.08750055818022039,0.0669604616837365,0.19280335644562735,0.9467354197906109
79,Katori,2010,-0.5539549497055701,-0.5373052455527979,-0.015873437957863612,-1.6279918190116762,1.310593977669704,-0.7419544717623031,-0.6329514454362062,-0.047025654066896606,0.5584058254265613,-0.21989470396589453,1.3860301490197555,1.205430667983917,0.01121835637832734,0.8586735062808978,0.6091859324475798,0.9780191507318567,1.1029335294432223,-0.21612704643721245,1.0746476557820035,0.7271496597907025,0.42447514312994855,0.4848280263302138,0.0709265163208499,-0.9773293202674427,0.7880401922350752,0.7428055472170302
80,Katori,2011,-1.3943141239150072,-1.1871788071541594,-0.326497785262034,1.4146504100172717,-1.2504490619863782,-0.6573623796400829,-0.5428063281942717,-0.15213506981245017,-0.19916125332746076,1.4930118174521694,0.8062968659349821,0.7725078870214471,-0.37928338736822115,0.40103414937252896,-0.560920394669816,0.36847849267911886,0.32273683954253396,0.25234516041874283,0.6371301666983316,-0.46893815053133175,0.06751362462688563,0.07539390972369418,-0.21629234009379772,0.10836419115295255,-0.406825154119388,-0.04378110413820968
81,Katori,2012,-1.5315498277742554,-1.6687255546200854,-0.06491570673379872,-0.5038295444003782,0.3686714412920567,0.08722760981651544,0.25832197856189487,0.03677397119530282,0.808616039466717,0.20411995584885395,-0.8894539916436045,-0.7875212684746211,-0.060832753532314196,0.4794173249895472,-0.22273468312324898,0.9150528889196701,0.9187697829025736,-0.3957253368885037,0.916337500300069,-0.3653073240782711,0.07075318972852597,0.2916842598248221,0.03879237510570013,1.1083413236431314,-0.10166556658650519,1.2089309702423576
82,Katori,2013,-0.23453256002147227,-0.24851523583377472,-0.11241339800040044,0.4256105922829871,-0.5367771092580362,-0.6954387612830691,-0.39789195886495077,-0.5575907195562892,1.4857953263857695,-1.7140636442085342,0.14929749924717223,0.3682324212206576,-0.5527808300777864,0.3017430675906628,-1.073665099046396,0.6772852729678116,0.7195408098601593,-0.5365596968629184,1.3890844577509593,-1.2451541149899208,1.3257611532795883,1.3456708174145247,-0.07785374686936684,-0.7538320754487835,1.4253382309893177,1.1797981313032746
83,Katori,2014,-0.6452535639964287,-0.5946424348668093,-0.16626132559115456,0.6814292550922889,0.7628620032891714,0.4123962825176822,0.4454981711275398,-0.2110725579859909,1.3802358972201119,-0.14040286629568613,0.4380446987824461,0.5707802285213017,-0.006215074043668246,0.8842799098652275,-0.291257496694399,-0.8846880344224797,-0.8835628199799527,0.07954254579516541,0.0707615406975528,-0.3494693586738859,-0.15883270613182776,-0.3034791164993493,-0.05929189056480561,0.749218617508256,0.38355554197528674,1.3545951649377723
84,Katori,2015,-0.24135596464154566,-0.2605786487024437,0.042400664306921736,-0.3000315967878518,0.5736630017518972,1.72778463620381,1.9426694749131272,-0.6780599451764878,1.4624429396969527,-1.5912444159281391,0.05337077084389563,0.02948094808697633,-0.033061989248285246,0.28742366493579663,0.4902813507136904,-0.5614509196399776,-0.48174576847108513,-0.04721724437989347,-0.349258820399885,0.7455449511976795,-0.6518958441110411,-0.6359226219243758,-0.41711812760340866,1.1423999158486544,-1.1394657006227322,0.5388756746434495
85,Katori,2016,0.6071128664956431,0.6153812562153357,-0.09965455078006967,-0.6817103405196423,-0.6246649721890325,0.8699857364976115,1.0546076654295102,-0.35097644274836776,1.0184961707475557,-0.3498031138683397,0.006886337590645767,0.11125031954389218,-0.09870868219914962,0.4581062736139287,-0.5775187747368181,0.34921681561604195,0.13712698065949397,0.468757285688754,-0.9581135289195931,1.5339239106433302,0.5169999587146298,0.5775596555398045,-0.10294227875076571,0.2213678853020589,-0.7887120996529134,1.2671966481205235
86,Katori,2017,-0.5574865374005163,-0.43809179549855526,-0.17960419357940713,1.107787975781967,-0.5782781627320155,0.9728153427603913,1.109942729774338,-0.34931385277743127,0.8578494605476854,-0.4765276932853873,0.38487530096143285,0.4898385104943398,-0.5392472253223917,0.9155073430017331,-1.1830046828861378,-0.7275687656463358,-0.7618774599667486,0.22750879164406307,-0.9742495234687171,0.06125678798314526,-1.0451551163283186,-0.9619977433161803,0.08865838089638789,-1.5045516404230317,1.2702603937219499,0.8010712250951961
87,Katori,2018,0.699735107434916,0.6246744954905683,-0.24134448965788682,0.7075810908282135,-0.8148129789333161,1.016853652540679,1.1366298261320396,-0.0054774988761769165,0.6408115148933043,1.3118413500931885,1.573176376771486,1.5960101848608756,-0.22893123057807688,1.1786435394609898,-0.16635188333088038,0.387234021004067,0.3382048014299038,0.24367173667732542,-0.2083525821984218,1.1919252641596867,1.02622103699562,1.0746914944259343,-0.15706464321496763,0.2295759462909211,-1.0852120613171188,0.6845398693388643
88,Katori,2019,0.12907895006899117,0.13415816558785543,-0.271333139972645,-0.0072283406380712146,-0.5549132881382236,0.5888837741138492,0.5322369611348847,-0.23007007555219497,1.4184081399905886,-0.21427189258363138,-0.8218700706813282,-0.8419834371890635,0.16943536236959297,-0.6229238017961198,1.0339452656772838,1.1283478736856742,1.0612374255670638,-0.25744579713325977,0.9000925456500711,-1.0657248916483693,1.9144734480153676,2.037285370519796,-0.24243544625994465,-0.34431023524149956,0.7918785515809357,-0.3351094935290393
89,Katori,2020,1.1788718544051642,1.3116387783355954,0.016084171242821365,-0.18265139703923272,0.31681125396921983,0.8542365463395505,0.9102476546682355,0.014369973229255118,-0.13301111388383868,-0.2676793036916565,0.2916070424492032,0.13486524454936857,0.26770580984619924,-1.6553078126864158,2.3107373178107395,1.1593002278110158,1.177133464411917,-0.36421018248517295,0.8517628589955412,-1.5499403703813732,-0.8123030652286828,-0.7304603775989228,-0.09045252108793753,-1.4784113600516111,0.682658208998086,0.7136727082779473
90,Katori,2021,1.6194250570743187,1.7020893422629515,-0.39191873068822713,1.1769996455497846,-0.8909893562645418,1.2604843831876147,1.3280828263286382,-0.3413085614342035,-0.5573056669414431,-0.5209799916911363,0.2397838159827587,0.34069793541181137,-0.09245019202345398,0.3884150280180398,1.0739864472391645,-0.3684290601704028,-0.5280367907893029,0.4923283248074475,-0.9627849280761765,0.8321978765773359,-0.047355769949020694,0.15663160046404426,-0.002477411986828282,0.2581181046807017,0.2667265776978625,0.917602580851528
91,Katori,2022,-0.2486554608623655,-0.16638393554023712,-0.14906102565780724,0.26154253011783923,0.4355837891992101,-0.03075914463833915,-0.0760501582664151,0.1670807983289585,-0.09531335081412352,0.21013687654783691,1.3022266115089043,1.3363714443244332,-0.23480155585058746,1.2400718258213754,-0.09577962508515661,0.44949286352284784,0.42851252789059446,0.21024096877463552,-1.2090535910421065,-0.8765601014849224,-0.3910864791347133,-0.2596246670969046,-0.1282775280341791,-2.288692014227967,-0.9316361445540813,0.8593369029733621
92,Katori,2023,1.7229462307323404,1.7424460018398802,-0.16746595276578577,-3.2107270010802753,-2.56373434063194,-0.09716833903753774,0.020779332123396457,0.0433952738559028,-2.7319555396214508,-1.1928657244850214,1.9810455364597686,1.9030106424700555,-0.38534761957606817,-1.9025009499372625,-1.5457424718608916,2.517772018972461,2.5809374801238416,-1.0519801007992937,-2.10314353736358,-1.6819224351728566,0.3401821909875769,0.7360785471155491,-0.5645565673104959,-0.5889019499471407,-0.9690948536398497,1.2089309702423576
93,Narita,1993,-0.46568911940960134,-0.347037317287637,-0.5145798419256521,0.10151970278337816,0.5479889670040872,-1.5528258532011119,-1.5913423440896186,-0.7440701952564444,0.2988173980466003,-1.4013344525789315,-2.5183109503462444,-2.5669718547634823,-0.4223232183418449,-1.8286523725244628,1.7773155822212952,-1.5955960174432322,-1.7573540767465954,0.01318577498372516,-2.0069914874268484,1.2617974683668602,-1.9493361277128058,-1.9366566783145476,-0.5389464688931065,0.12430717554165373,-0.16075816346740107,-3.248393387437335
94,Narita,1994,-1.1749914307513294,-1.0354844888595789,-0.53899242702847,0.1978667381091206,0.39881661697143617,0.42100055293481703,0.17435269065721495,-0.8109987362065202,-0.10975602468833394,-0.18082579780385258,0.9345743210395286,0.9054320297423487,-0.9492514878623168,0.3428338734988442,-1.5885455274358304,0.8994926368149075,1.055947869781518,-0.9735150755990656,0.7836706063636564,0.29075493442061223,1.078908286793597,1.1948279633150922,-0.5860364529258175,-0.7031832679658696,-0.7708379955591533,-0.36424233246812227
95,Narita,1995,-0.5711684210219027,-0.533354400007967,-0.7183670866191151,0.0813237500034214,-0.8565046691442864,-0.32217050199444036,-0.4316906509859787,-0.39680099323924617,-0.9081150157458654,1.873723260196315,-0.6421392584313129,-0.8108483373324223,-0.42126169602328445,-1.0093761064627398,-0.18584480598751602,0.31869460299381347,0.7257227168328216,-1.8007680842896483,0.7402380494817665,-0.2802189030478247,0.3097121091046092,0.3179557998537315,-0.793458123973299,0.6752729265657431,-0.8467269765093931,-1.0634304670061132
96,Narita,1996,-1.5987629794859084,-1.560291409064616,-0.8180901669921086,0.06789806531340765,-1.1489654685240704,-1.7164129469775267,-1.8051678358379617,-0.8371224981966299,0.07143656578452776,-0.8531881805870226,-0.525635339321729,-0.48235140443002655,-0.9044325427772673,-0.028842102208108653,0.3573421452233184,-1.8684360892033953,-1.7343762366704603,-0.675020969832963,-0.7760533177510351,1.081226795242483,-1.5936531516608903,-1.7002228769269767,-0.5513918837305999,0.4240183527139142,-0.8895748803745545,-0.8303677554934495
97,Narita,1997,0.07477058318840456,0.028705363559428196,-0.7982426212597253,0.4501875272849957,-1.2676227003649714,-0.07858564913818597,-0.05983173404215285,-0.5725032450735007,-0.3932264652341761,0.02497144063675429,-0.4902081958598805,-0.4641151546301591,-0.632578431300372,0.07244050413530527,-0.44963123266865324,-0.7996754282446609,-0.740445198129543,-0.7917001051484078,-0.4747505791980706,-1.1053113256360712,-1.1492688002315026,-1.0683814980022943,-1.0025351061085588,2.307778635257686,-1.2320968643852896,-0.509906527163537
98,Narita,1998,0.5509665445406332,0.46156260950674216,-0.4198243417950094,-1.5964614774776247,2.628152570553741,1.831100328582618,1.5840223887197973,-0.3918717596561807,-1.7544290208505788,0.4121937300238905,-0.7858130020685467,-0.8553824172007556,-0.31244384313018453,-1.6860610137205383,1.138614308683917,-0.09254954825286815,-0.22467879746746486,0.09207054308044596,-1.3770411712708928,0.5244588247074612,1.8519467393706455,1.9279118953547691,-0.45676436760013556,0.3599072951254966,-0.5234821116084706,-1.8500171183613532
99,Narita,1999,-0.17329987780113915,-0.2866741421240751,-0.6626532935990344,-0.8418506768734194,0.7353645194233492,0.4668160809414112,0.3043921535316669,-0.6222927441912105,0.14268323588605225,-0.2242601009797929,-0.2646676750413013,-0.3887692100207094,-0.6245999973960695,-0.10855135453315361,-0.1278607283420903,1.4372569877376997,1.3287040635446177,-1.1524468939492407,0.7336785549842889,-1.4912572165937883,0.7671156566727075,1.1149471027286182,-1.4069748510484597,0.40418840208056195,-0.5867872974321449,-0.36424233246812227
100,Narita,2000,-0.5383948617197915,-0.4236373750784613,-0.7004640806960015,0.3855512502144281,-0.11473823184290413,0.254100427271319,0.3585383249143245,-0.5039483961298421,0.20259694696950503,0.43533840334837903,0.28441944896649524,0.2781227261118588,-0.4448183192726174,-0.015115143565267245,1.4759267811559968,0.3683804051300215,0.3222013476336196,-0.49797946576777613,0.37878769602364587,-0.46698230683070613,-0.10543638599701469,0.13354984071434728,-0.5231114728854115,-0.9222791141725502,-0.2989138750836276,0.3058129631307858
101,Narita,2001,-0.6213831476232611,-0.49587687653543866,-0.6333103886189878,-0.19752276490832638,0.5661963144346462,0.06544439785019963,-0.14021601715713422,-0.5880693735373853,-0.6725187962550426,0.07497189270630497,1.131017544709027,1.2293216561475906,-0.959722667852931,1.1353629377995667,-1.3914069619471612,-1.1070066490828314,-0.9825565581093952,-0.5104660115748445,-0.6736391154682081,0.3763006950944797,-0.24325306935041519,-0.3309856625578736,-0.4818062407857176,0.60632306571179,0.6180590097020807,-0.36424233246812227
102,Narita,2002,1.4545651155675614,1.3294604634130651,-0.7407580003782887,0.12712730986882356,-0.4118524340912545,-1.219644952048871,-1.1341958195884667,-0.6701133132123412,-0.5595288331294531,-0.6364740168153534,0.2512688866876535,0.19027674890137275,-0.6424004665572229,-0.14486381673423415,0.19557281820053363,-0.5173629017443436,-0.36379423642320424,-0.40122036404319417,0.031108163668363213,0.9310340175325257,-0.5481256161522514,-0.24000315953516987,-0.5301074982132646,0.860180582009907,-0.43745068108973706,-0.27684381565087335
103,Narita,2003,-0.8044334682116248,-0.906873188313724,-0.4468760244094032,-0.7249142203503712,1.3853325112935704,-0.9426938373970991,-1.2080549358385522,-0.5208850393734287,-1.4001643509593231,-0.41912753390531604,-1.3810873526668912,-1.4257444476467835,-0.4620202309098007,-1.3772888699245076,-0.8839098671321093,-0.926137030164092,-0.9329299773957849,-0.1973234177298589,-0.7209303062940549,2.4335549602449764,-1.7736517646023828,-1.6930944891833164,-0.525628726589005,0.11682314458636651,-0.21757255856247243,-1.4421573732141917
104,Narita,2004,0.8489170880354562,0.9867237312972296,-0.910556810596892,1.066819861350105,-1.1918829255038794,0.6060125749786566,0.6273999397135045,-0.4008338299457943,-1.3691411761650722,2.058122481921449,1.5103903766030893,1.7200134672300298,-1.2598895121282383,1.6682912203414166,-1.5961900007060543,0.13533330555551143,0.26726207008909525,-0.9156535227167091,0.08551618472890099,-0.5186902131189944,-0.5463673433012296,-0.36181946015497246,-0.3777859196440378,-1.5028711638960863,3.386590186747696,0.4806099967652836
105,Narita,2005,-0.30823475975198783,-0.16849064198479063,-0.5563184645780298,0.22299957178220686,0.1340549866255624,-1.9105579263600927,-1.6913880304696722,-0.9259691240512337,-0.005963120707276204,0.02454904354377566,-0.3554014818839677,-0.3896585086220447,-0.338971768241048,-0.7922832890639686,1.396592910148658,-0.07535238055629231,-0.047063966758973404,-0.3097916983546699,0.20354861216115303,-0.5272270077065114,0.3968346950601603,0.5409811240130725,-0.5487148349637487,-0.8301221974302477,-0.5073008654577859,0.36407864100895176
106,Narita,2006,-0.7097067643997794,-0.7781156254215782,-0.5856079222073441,-1.004659673482648,0.38581581069663723,-0.763796669459697,-1.0192580462193737,-0.4062156917434229,-1.3914566453324588,-0.02222535432730844,-0.6450484964440193,-0.7187601002478985,-0.44043057553682774,-1.3486447663782815,0.12766575092824253,-0.640672963450358,-0.6802054032516232,-0.04488144255949706,-0.5216775732973681,0.5326242118052767,0.30370606176666026,0.4056825810988996,-0.5874533999970386,0.04319996433859476,1.3828838371698358,-0.8303677554934495
107,Narita,2007,0.9383584850917868,1.071787621002486,-0.6404929557463799,-0.05745675121880638,-0.6303115710147176,-0.059654506494998684,0.011677085138218534,-0.5704004460822846,0.6582359196177207,-0.2692459768449159,-0.961478529801662,-0.867810083730938,-0.6154684088447265,-0.1769012410705364,0.5023033307703817,0.7582771388760063,0.7493911344200481,-0.8311325413819054,0.519163501026076,-0.5464423071609611,-0.1880685624596672,-0.22449573088282818,-0.6624244412935067,-0.11260858653611558,0.4118761425645474,-0.1020467820163756
108,Narita,2008,-0.42905162827580423,-0.31893820594254274,-0.5586985509805681,-0.2955569462816386,0.5969484549297104,-0.8898590074100204,-0.9696131747803586,-0.29087069775608476,-1.4492629193946565,2.731907885095157,-0.33791982969042406,-0.3119421731655847,-0.642256577474069,-0.04439399714253414,-0.46753521531134773,-0.23972927872175231,-0.13643346592509015,-0.563246161235541,-0.41262095113055763,0.27734529398407576,0.5157324954874682,0.41023925040452575,-0.5277274415525423,0.13783502491674685,-0.5909140239932189,0.3349458020698688
109,Narita,2009,1.0707179874780457,1.1911200735481215,-0.5986542973940097,-0.2711969529827227,0.48980958270884967,0.7967986446833091,0.7708642719618243,-0.6163073517397812,-0.6030571324262343,0.15003731724983194,0.03281543356868898,-0.09711143147595369,-0.3747304657116458,-1.0891623562748771,0.3776855363837802,-1.6268056921519316,-1.5778733470135273,-0.2172173872359201,-0.8363912753456825,-0.2489876263797277,-0.47662473605627464,-0.7138196492959232,-0.5927394353161547,-0.39273141038497517,0.5139587729459413,0.014484573739956236
110,Narita,2010,-0.10584753030940412,-0.05784141487282309,-0.5298712379145042,-1.952597075260864,1.6948893584338547,-0.5796792643349981,-0.4942587202020323,-0.5875482419963952,0.21377336030001023,-0.5578907280025829,1.4199040598674282,1.2294406581304764,-0.5586729707366991,0.49922870919523105,0.40987553143876343,1.0960804670083701,1.2085216535290015,-0.6818970695370522,0.8212064932909069,0.9245868384755515,0.2537897258945862,0.37579431752987436,-0.4125764130572055,-1.557729524508021,0.9722521233607326,0.42234431888711765
111,Narita,2011,-0.9948683835194251,-0.752522358128586,-0.7920580904174859,0.9946784130111062,-1.003481554367195,-0.6103977222087198,-0.6505637836634341,-0.565755931097662,-0.5376139193103663,2.2661418688315655,0.8999584862066525,0.7951332730164864,-0.7699141398440901,-0.03470125953502751,-0.5856749909877774,0.4281832373289326,0.39518820464643883,-0.32900412781209104,0.38487750498894924,-0.5550222138899149,0.13984101483425132,0.21233763714069548,-0.635646518461869,-0.19624514100494764,-0.16061884315024474,0.13101592949628807
112,Narita,2012,-1.2348280376015082,-1.388976790013406,-0.5514555485723773,-0.9543516012101345,1.187826713423337,0.3206691016097403,0.29960222061464525,-0.5426949639065176,0.2935043322867676,0.041146187614744804,-0.6800773611243343,-0.7338299324237773,-0.5356335211198723,-0.3007430727841673,-0.32726763147020127,0.9885523097906673,0.9881031966339124,-0.9667409511206007,0.5723080670408165,-0.3959681813510752,0.05364575992873876,0.43150370716406355,-0.46375395724580726,0.9971575711347728,-0.031249651132900253,0.36407864100895176
113,Narita,2013,0.20895682834686607,0.16829691325344484,-0.5689881103983053,-0.042215011045742545,-0.06264501035838368,-0.24957872913116752,-0.15005359100334634,-0.9298944332115282,0.8982824246584926,-1.6569932444131152,0.35808627247034663,0.39874410077991035,-0.7845127815240565,-0.37512256544250955,-0.48698438788684556,0.7740463047216697,0.8141568305872018,-0.9007836181452856,1.0878674409056737,-1.1826172354371982,1.250803555291243,1.3125033613651218,-0.546052242104222,-1.08097426147808,1.581502585710055,0.5388756746434495
114,Narita,2014,-0.2807007955119032,-0.2656079587761075,-0.6057150592274606,-0.024806036353862373,1.397631895358792,0.48768392175005315,0.46457314549418155,-0.7260718031886821,1.2359147082218973,-0.3469646041237981,0.6452846100777246,0.6416416209313573,-0.5587979425921226,0.3917910163862289,-0.5260583917261168,-0.8517981327366506,-0.8359458563619678,-0.390057390525941,-0.13402299055314768,-0.10164617765254183,-0.08167809802163627,-0.20442827996732235,-0.512974664009875,0.20503519096684197,0.6111569741505548,0.6554070303997813
115,Narita,2015,0.16222050287881848,0.12885806458404478,-0.4700704211977818,-0.8281974075242322,0.9026395527052683,1.8790000190819895,1.9334263475480002,-0.9980375502682931,0.8930974417339416,-1.1960679314674167,0.04188570013907538,-0.08563578080827422,-0.4367388136899484,-0.3603910451864305,1.0812074630618413,-0.4830386288862201,-0.4061179904063599,-0.5588270638207598,-0.665863414110268,1.4715259844462736,-0.5635080107731256,-0.4702038128438555,-0.7758103133074666,1.0833111261496642,-0.7680086886320021,0.16014876843537104
116,Narita,2016,1.1353258601525986,1.14518841024442,-0.5749219911511549,-1.233915764616446,-0.014761740731948813,1.1623037263846787,1.210438546148787,-0.7198487321443312,0.6646436192383404,0.1858740970351967,0.18537259694051317,0.12729253729121306,-0.46568379029089985,-0.1072587711995268,0.1683872528614916,0.43664169610707726,0.17412179848171117,0.03034759131042421,-1.4824274772610087,2.0606047879611027,0.8490564895569014,1.0553818119159941,-0.5879928027986718,-0.12905000347029144,-0.7065118401236203,0.3058129631307858
117,Narita,2017,-0.18852359672115768,-0.15854832683576864,-0.7019549336581166,0.8537423087757432,-0.4900315633418791,1.1381621775094737,1.1753936926183797,-0.8243720726641413,0.6012509174391578,-0.29343736187506336,0.6554398995012457,0.6751535441746046,-0.9757215568218413,0.6111230708707213,-1.2815821874005706,-0.51245215496873,-0.6174785549741947,-0.05899249217925317,-1.5708723196377241,0.8235194017712129,-1.07157241806704,-0.8611921923347794,-0.3754483043570952,-1.8783025265385869,1.8054827215437497,0.014484573739956236
118,Narita,2018,1.068120183309093,0.9794625987960569,-0.7235970236676483,0.4506195876516579,-0.7324346994130071,1.2752941709642016,1.2528057433278577,-0.5202595180444012,0.41719825504373886,1.9312663557069378,1.7768487154427164,1.7188186229970945,-0.7587138952906813,0.803199612382744,-0.01863071280793195,0.4607062661038422,0.3945366015275171,-0.23732706370170414,-0.4483622748389016,1.1680013357954557,0.8098958643574741,0.9314263243814714,-0.6224519560898256,0.16401644768721305,-1.1353114361851904,-0.04378110413820968
119,Narita,2019,0.2764626498951834,0.2310434597816605,-0.6923430036176328,-0.5408614725768887,-0.3084348682411234,0.8262620172823782,0.5448887064725585,-0.6988956265458943,0.7444315169296674,-0.5599037030514075,-0.5898270614444271,-0.7083699406397349,-0.3572496501813118,-1.130567754958813,1.3761499557370245,1.2692342900204954,1.153227952605779,-0.6254833758905802,0.5409313185589829,-0.7342869164972919,1.9875331749300154,2.068182874310269,-0.623871877226297,-0.7901297284379242,1.312216128106567,-0.4516408492853711
120,Narita,2020,1.3419987764861918,1.459097362579454,-0.5029724968507189,-0.578821815725634,1.221909210887724,1.0184408056339505,0.9284613115901855,-0.5767145912180422,-0.6120728891314727,-0.2436867393063132,0.6653952300303553,0.3902499322223679,-0.2899482156506427,-2.043029111553341,2.106915137519879,1.3649677379267908,1.3339704782848512,-0.8130300694001712,0.535932267700835,-1.2085700665293069,-0.9491713670065471,-0.7957290491980591,-0.5130833392794416,-1.542747977033315,0.7055315679551626,-0.1894452988336245
121,Narita,2021,1.8827732860303568,1.9252944935785614,-0.794005724513132,0.7108332392753921,-0.694645746275168,1.407120725620357,1.3594899880979738,-0.7572914954630361,-0.812122860463138,-0.3425441671978011,0.6061516710402519,0.49534315626728714,-0.5517953062982369,-0.20425579645378877,1.408825053371383,-0.300228914678452,-0.4712490715000613,-0.02038168876299312,-1.5589474562084527,1.5493970402493091,-0.04591768667202279,0.18890046389098156,-0.4635471134453892,-0.08536180419925064,0.34847723919955026,0.2475472852526199
122,Narita,2022,-0.0671374882400157,-0.05264469608969297,-0.649313077242302,-0.3743350159400048,0.672396371878841,0.23738780350813293,0.017202344916274405,-0.3461962043397405,-0.584897684424498,0.503346370041478,1.3229715272985987,1.226211523245247,-0.5474758341052934,0.6349574672797661,0.30828177777266846,0.6843242223235145,0.5859520209089326,-0.17800674543094192,-1.7049609339699934,-0.7395009701928623,-0.6203909627051448,-0.4232322305756738,-0.549514565985143,-2.3764673797563494,-0.9543864925428293,-0.07291394307729264
123,Narita,2023,1.9578663862222976,1.9427702006564513,-0.6425380405236091,-3.588207117895419,-2.3452137232790364,0.26372493236788697,0.2889640338776911,-0.45746306188427177,-3.063123099030318,-1.204874291800975,2.146497316841256,2.0524213842164074,-0.9119149548983989,-2.1414991530492604,-1.5752547221911635,2.428937395351696,2.4254690357921826,-1.1071321271693808,-2.331681884870756,-1.2154841078630159,0.5044383345276707,0.8256472197062311,-0.8831714848288885,-0.6709070559145576,-0.9655876571531917,0.27668012419170285
124,Sanmu,1993,-1.115698189314908,-1.0699245722024802,-0.3277182448686259,0.1714545928707775,0.17167898059123166,-1.7004769686715486,-1.786328807473482,-0.645105397810607,0.4393310875756313,-1.5693478087608832,-2.621117685189678,-2.6748916439228,-0.2957438994244665,-1.8011892432296044,1.4138453874950039,-1.7521344041105313,-1.8929776537550411,0.19075583151330702,-1.9549580573080412,0.8103923246140873,-2.359241934010999,-2.3438834312029226,-0.3641842678705669,0.14414070708751497,-0.3030390647181346,-3.1434544449561317
125,Sanmu,1994,-1.8641291353412468,-1.8125061401456675,-0.36003542733678817,0.2393109996521349,0.11338982574706351,0.2296978119203241,-0.020128665023078807,-0.7828573781051522,-0.10900694764356735,-0.579535803667624,0.9535988254674732,0.9465531113015334,-0.998809230600329,0.4455295913999746,-1.7211855532878977,1.013390964644536,1.2394949277629081,-1.0302266907782964,0.8676556057442475,-0.0005598157413007142,0.8111710830414258,0.8818539647097737,-0.48634433932362336,-0.6627367087914873,-0.866669637296341,0.059879341762052854
126,Sanmu,1995,-1.1439117915647663,-1.2167273254843072,-0.6299624910925308,0.17631111880357797,-1.2338985616610165,-0.39230016675556134,-0.550040478434437,-0.27207832981037366,-0.9232287408944293,1.5402924071951152,-0.635364148460231,-0.8362681257438087,-0.24241553666985158,-1.0303629270645638,-0.10267011123497524,0.30870623322281815,0.7084217405642578,-1.7447774314810045,0.7374160792940002,-0.3402205665475841,-0.010672459239114192,-0.06346547410473284,-0.6936903504761643,0.7233242010659466,-0.9318248476557732,-0.9423250261047867
127,Sanmu,1996,-2.12430399528249,-2.17368954985457,-0.7735476245071453,0.2437536185836513,-1.4755178450075777,-1.8207860131995923,-1.8755438851342767,-0.8437521066878005,0.20058389197579235,-1.0537941354004428,-0.42384697436665125,-0.36595513619709097,-0.9126260739941998,-0.01874672525160537,0.2268150339337303,-1.9960709201190383,-1.8335319621173125,-0.6973445142744634,-0.5965097313548146,0.8804513067848295,-1.9654198372138016,-2.1073479234364707,-0.3845102974272843,0.48875340335452416,-0.9693111383427877,-0.41568162016921223
128,Sanmu,1997,-0.46155407986085206,-0.5864916866091954,-0.6729805753760396,0.5890563047026585,-1.422335105470461,-0.05898272455947559,-0.08060414518135282,-0.5570331126746957,-0.4010235572466229,-0.13819369398772363,-0.33001489733252914,-0.3281639659768747,-0.5777056282308731,0.16888092169069058,-0.7496672959473266,-0.8100625175334277,-0.6894045777504781,-0.9308352514658156,-0.4207292539999568,-1.281238284744342,-1.5652471292117112,-1.504951100032144,-1.0793960602355621,2.3863033228347246,-1.2648710037776436,0.09573120449974853
129,Sanmu,1998,-0.020950853074163656,-0.16553103222002333,-0.2436055362849349,-1.4603850573984591,1.7393680607275788,1.7288136095100999,1.4664411038316967,-0.22521685130540534,-1.6774708050572342,0.1639268713205257,-0.9367557432192472,-0.9962153673744555,-0.13204010970883065,-1.5510345249019224,0.72624301608676,-0.24814909695032628,-0.37318422305034543,0.2985477258075038,-1.3269191070277973,0.48265020395668506,1.5337093246408315,1.5974332230519541,-0.2792149961378602,0.41195364895228953,-0.6112090038818493,-1.2276857072114118
130,Sanmu,1999,-0.8184870827748794,-1.0080326911913762,-0.5150310168139349,-0.6216260904285117,0.3474501383806331,0.4066593740206192,0.19850852165221453,-0.4737056804724046,0.09286346028214773,-0.554559200901333,-0.21318864011448863,-0.36319128834378683,-0.48102084598497685,-0.07965163104447365,-0.1683447605683652,1.4926968347987484,1.435063555808554,-1.3651380415445484,0.877396960178603,-1.70666825511303,0.4151154146830777,0.8654378845623525,-1.6345974215138785,0.39366143357808175,-0.6535642167467868,-0.014012187745770305
131,Sanmu,2000,-1.0810194011253627,-1.0450975668799518,-0.5854533733468675,0.4969396069105961,-0.4486456752631851,0.12886716653897137,0.16302499181696287,-0.2681138558024322,0.143583077101515,0.7922504524749666,0.35452853389026046,0.28945846904292966,-0.2677046209534881,0.019984395219677074,1.182041817546985,0.3406853219528175,0.30036797434381235,-0.4538587742142444,0.5349975250301521,-0.6509158047609109,-0.512716416203898,-0.2955169599791099,-0.41907663895537817,-0.7748997265867591,-0.5270238091453263,0.7619720844516632
132,Sanmu,2001,-1.1341450138722302,-1.1542609682699876,-0.5027706032598657,-0.09056394490935926,0.19012269306987672,0.016567073477032884,-0.2281780611949123,-0.548428096418023,-0.5708175165995265,-0.4756820800911807,1.3788075900474055,1.4463185555515201,-1.0170248385166525,1.1905176595416818,-1.604001883419462,-1.2403568843737443,-1.0269130702335445,-0.660726549275834,-0.5275649221814306,0.02747329830210564,-0.6412265513856356,-0.7686326816126721,-0.3400858234383212,0.72258668546824,0.4570402297594933,-0.09774705819077353
133,Sanmu,2002,0.9596690466264743,0.7345310276779626,-0.6257809412446945,0.09582726187661417,-0.726573868089462,-1.3831861680344557,-1.2989834854372144,-0.6008509481318248,-0.46850502683999734,-0.754038481932631,0.2555696419244197,0.1682072415378208,-0.5730886431407207,-0.09240914553102055,-0.13339318646801085,-0.5583367461118321,-0.3943586855227199,-0.37236928035224276,0.1393292643536936,0.7294293901679173,-1.0100184652906985,-0.7415765495178932,-0.38178114563751936,0.8164593164403745,-0.6279871437800943,-0.24725505480252408
134,Sanmu,2003,-1.4203324148948964,-1.6396134737325725,-0.2658980044635029,-0.6289302651705125,0.9214615081460403,-1.195554742606086,-1.4645855086039778,-0.3759407635261498,-1.1262246174375732,-0.19914236646044362,-1.5664820279173985,-1.554169564954091,-0.41379613346276517,-1.2564580073715843,-1.2092012900694062,-1.1087667048878176,-1.1218368262653262,-0.02342774026868189,-0.7290880108375062,2.2277679010363323,-2.2227370307808547,-2.1923476325438873,-0.3599577798633403,0.03514778732833883,-0.26181001895150785,-0.8146915153998331
135,Sanmu,2004,0.2581354232279806,0.27897022372368463,-0.8314017891343842,1.2191823664821846,-1.430174446403764,0.33910978882343384,0.3208568320785467,-0.24084457475409918,-1.383591657557791,1.6413290752034078,1.4421016824884287,1.5837111691228996,-1.0893974342765944,1.641088210496382,-1.5783854543074063,0.1351057084719171,0.27788624580119897,-1.0256606842495908,0.1661798616718207,-0.9620160215013427,-1.0040356843232712,-0.8586797094799923,-0.2097578636900753,-1.4719226703947166,3.1621832531812104,1.120870610132595
136,Sanmu,2005,-0.920568481833651,-0.868712226127016,-0.4078931216328635,0.3628982381466112,-0.3248803715940314,-2.260793350049343,-2.003756484545616,-0.9213981749945276,0.029365208739075686,-0.5020619766671679,-0.4503442595528667,-0.5009162497950816,-0.1764506027799875,-0.6530927058552336,0.8746973808424454,-0.15059487237533434,-0.15854899757482055,-0.0320397854074971,0.347120355131192,-0.4887796028638352,0.15862251538254077,0.3044254985013168,-0.39788338497297543,-0.7993151499730041,-0.5901704947701042,0.5097428357043665
137,Sanmu,2006,-1.2305328633778805,-1.4165005440569158,-0.44165739010138644,-0.8169825947567991,-0.13849948429069697,-0.822070202304001,-1.1148677186855704,-0.29220157306925015,-1.3297859955111824,-0.2524190305836728,-0.721237205894631,-0.8363646138380367,-0.2536645019674992,-1.325163195245499,0.13686437980045424,-0.7311067113561545,-0.7741300345011839,0.016658831155778677,-0.4281933101844239,0.047253894440771944,-0.11719698228767686,-0.01721701301407176,-0.41330539220390833,0.08120197930301479,1.2215464237083289,-0.3351094935290393
138,Sanmu,2007,0.3941239740898106,0.44072228106690337,-0.5017963671940957,0.03878682019492019,-0.932777668945538,-0.22502100315441548,-0.20465676459395837,-0.45458968396852717,0.6547573242193845,-0.29910040063785004,-1.0741526351141382,-0.9652941494599196,-0.5835739329259932,-0.15002030543067535,0.071959259117581,0.8550462384369405,0.8334938128626532,-0.9160864618777838,0.54475057901516,-0.7877065782228022,-0.6150840144025203,-0.6186705376954265,-0.5929533973711069,-0.04458709629766415,0.21308807631090815,-0.568172205041703
139,Sanmu,2008,-1.0796532252277184,-1.1095810521943787,-0.39241444396104885,-0.22071987724355605,0.10561518014334749,-1.0537617840796885,-1.1576449579459978,-0.13770489771508507,-1.3598700444240563,1.8219396096742326,-0.4534627441681334,-0.4635582039088123,-0.4706286226244252,-0.000875320954977423,-0.5751079817114617,-0.36329114093264736,-0.2490637754938219,-0.46091140151495347,-0.32170284303049473,0.28784186702368,0.06335448393207246,-0.10459061606440073,-0.3679462816435791,0.29316426684257535,-0.7630010407941297,1.4419936817550212
140,Sanmu,2009,0.5596647035859722,0.5641594776904321,-0.43154802988890484,-0.14209100154492738,0.16093445724463873,0.7377135118744448,0.6543974310546701,-0.5681393001666528,-0.5853021435320526,-0.341807968383584,-0.015391050053749482,-0.19883132453937746,-0.22130976677305278,-1.0732945107251946,0.023903717942673087,-1.8331165037259558,-1.7533372784549033,-0.1181996681160734,-0.7337394179047851,-0.5356819283540073,-0.8671053388909347,-1.0912274330712102,-0.43827151611007586,-0.2276457818528665,0.18301066370581975,-0.13117962095545857
141,Sanmu,2010,-0.6432060251195652,-0.7248558661329015,-0.34808210451514604,-1.8786220086355347,1.1372258212142967,-0.7230702992382194,-0.7258362851885348,-0.43544362826829647,0.17664544725208184,-0.6714048007455553,1.496645661124494,1.2244066598391177,-0.38132259516717376,0.5166322445981272,0.48815674889987104,1.0656618620137162,1.162069049876708,-0.5614607646777253,0.8888946614425001,0.8427422912373768,0.027001334097701647,0.14248211961809124,-0.22457761458190822,-1.3450462164251862,0.7730817427954046,0.6845398693388643
142,Sanmu,2011,-1.5596501570224326,-1.445117447603541,-0.6817110700075307,1.1030067850316583,-1.3005449341301392,-0.6679557799835895,-0.7014994859005473,-0.5036840158297524,-0.5626658743003725,1.6909942713752522,0.9929961910210339,0.8526573305860852,-0.738174935879869,0.03155851264319158,-0.69756594923517,0.3767017111880456,0.32656850947144855,-0.19307648815023093,0.4609316553989401,-0.6377148130901411,-0.1657195517789233,-0.15245296738738323,-0.5428105597362767,-0.09444406497820619,-0.34965680680150707,0.16014876843537104
143,Sanmu,2012,-1.7963826805381915,-2.083257127164312,-0.39468508287586435,-0.8343137949879551,0.30823950347178636,0.1375052991350364,0.10509681218654385,-0.3689815497944979,0.34100418777076374,-0.012062460434915722,-0.7351665828659196,-0.7739282401846869,-0.41781334953869204,-0.08522633430773739,-0.3994789353533848,0.9465895221252447,0.9771794052820815,-0.9406495289491608,0.6787527323824301,-0.5465045316470545,-0.31966758529645894,-0.00216446893560242,-0.3159761003105345,0.9984479948618762,-0.19216279415481094,0.888469741912445
144,Sanmu,2013,-0.415535341732894,-0.5981574303679443,-0.4493758811828289,0.07119024360022803,-0.649455248440104,-0.38880034672048636,-0.27413942611527553,-1.0168908627951492,0.9729036228546869,-1.8660684992848942,0.392662771127301,0.4805284814961022,-0.8693069666904922,-0.20002788360704418,-0.8369807525236908,0.7355798498665014,0.8004061778542414,-0.9996278601517669,1.182763460511445,-1.3010203390985158,1.0201296796328285,1.0596948329732505,-0.4203742740045398,-1.0062989024695292,1.395355110906601,0.975868258729694
145,Sanmu,2014,-0.8845787167725679,-0.9869368441948528,-0.48340652473220513,0.1902243510209083,0.7969707612235843,0.44778772107504805,0.32631795119583434,-0.6541632708020487,1.0901322284810329,-0.4367076030180053,0.6193352996758703,0.6077898451785934,-0.4239305790941963,0.4543628964752051,-0.5303691938299196,-0.924858070433217,-0.8949279151263343,-0.36010250431666707,-0.08174878753886965,-0.2814895828053161,-0.48150402631198536,-0.603135167730192,-0.36852126759202125,0.4263662884757477,0.38626322619638787,1.0632667755469427
146,Sanmu,2015,-0.39685392131440367,-0.5508694628175114,-0.292255625750696,-0.6950770203530215,0.4032240338835385,1.8882848100615788,1.9355384078778295,-1.069156492607089,0.9858478955659951,-1.5808777809430452,0.11651407461039072,-0.041519279969682146,-0.33990024495639165,-0.18859583346953337,0.6333329705410286,-0.5653701753890581,-0.4605745538647155,-0.48075451613571807,-0.5739608402492409,1.0423628462794632,-0.9528009207934737,-0.906483942872164,-0.7154487418630656,1.0258607182082253,-1.0229942477665388,0.5097428357043665
147,Sanmu,2016,0.5733943113653178,0.4688328466921544,-0.4405280701214536,-1.0665308746160143,-0.6654203770152604,1.1116306142032935,1.1024474354153415,-0.7197606991295146,0.6432180095222478,-0.19044887569774294,0.09596529336456647,0.07132461826264555,-0.4129327304696943,-0.0158378602966384,-0.3765961214189096,0.31126415268462604,0.09783916943211464,0.10632075862580413,-1.2956669073338363,1.5708283800883835,0.37944917673757117,0.5226940935547318,-0.4330722324866301,0.012375621835827015,-0.8416403835525371,0.8302040640342792
148,Sanmu,2017,-0.8005312995545194,-0.8440261965598447,-0.5328131156456817,0.8824085268380091,-0.7047871353253934,1.1134657258321812,1.106240897352498,-0.7299630013135824,0.5162776415058863,-0.4962075011306213,0.6048879963879935,0.6115443041320479,-0.9353701554368525,0.603174225173503,-1.2677797223778535,-0.7014341662045928,-0.7600261763393048,-0.04106183709212106,-1.3651536242655489,0.2125634552028452,-1.3760051196755023,-1.2108564877183245,-0.2204350829740502,-1.752637868600206,1.409638252735945,0.6845398693388643
149,Sanmu,2018,0.5523623324158408,0.316239514257624,-0.5892949556695208,0.43675886410787673,-1.0658265335235422,1.1596449991794797,1.1121784899498677,-0.3904381205641367,0.35622706993442727,1.4522324893965428,1.7733778442512202,1.6780765252300036,-0.6166901004494408,0.8178088205863687,-0.26191757616859784,0.4038808793343506,0.37363820766627887,-0.21890283322513884,-0.3897884423464869,0.9481214791976726,0.5671666850494654,0.6532135543126495,-0.5099109298794215,0.14529787515548892,-1.1943346265113461,0.5388756746434495
150,Sanmu,2019,-0.19670225243160125,-0.3628829921937119,-0.5711543751657702,-0.3800160435922964,-0.6255040058042345,0.6434630524767264,0.3654345913163998,-0.6057855431504976,0.8387977317756246,-0.6186834753861745,-0.7073427944129844,-0.8254979102536187,-0.1913904780285392,-1.0245242172030968,1.084633738005096,1.1991475515390553,1.094680701903898,-0.6228363617888483,0.6600589075006976,-1.0072193703828038,1.7180720439213297,1.818263477670866,-0.5375901163699004,-0.6268648034428407,0.896925755918057,-0.3351094935290393
151,Sanmu,2020,0.8394168181412263,0.9108094618164221,-0.322928220795251,-0.48735501868478015,0.3320452529922224,0.9107470612262926,0.7842960135491729,-0.37687428614693613,-0.5918345657901141,-0.42519385743633065,0.5058110958943131,0.23637071962568415,-0.09965696656615762,-1.9912295845980104,2.0510217559585584,1.2508817274274961,1.2524328020260937,-0.8151187415837751,0.6384054820028965,-1.5703820436594003,-1.3157961846945259,-1.135401531093114,-0.40358881224758847,-1.5523167466809844,0.6232711474791791,0.5388756746434495
152,Sanmu,2021,1.3364943985955402,1.294814496727412,-0.7207123408118147,0.829472594448075,-0.9749164979339637,1.2861934232458312,1.2402994598458128,-0.7547657407271082,-0.869252104075415,-0.6525229500534736,0.39614620804167444,0.34630282159364106,-0.48784577420972364,-0.06477471546439498,1.0526724206507543,-0.473915212957081,-0.6329063245196708,0.15517283519329766,-1.3140809715317914,0.9985465131025635,-0.4340007454300872,-0.18770372772564456,-0.33180076022260463,0.016536794551155712,0.18816655171923885,0.7428055472170302
153,Sanmu,2022,-0.5726317702052248,-0.6628676516888689,-0.4814557490763619,-0.15886543010016116,0.3300742200327725,-0.06093143833683037,-0.2577652317147725,-0.1856384172427474,-0.5300529800254701,0.24845522565765993,1.3475003646802461,1.2465924889607607,-0.49563189794853457,0.7967763659275302,0.10083506953434644,0.5332596304408853,0.46192007770126403,-0.07630699464126176,-1.5128406520366184,-0.8313936746200705,-0.9406315011366736,-0.7462528076426789,-0.4508283121289609,-2.3566623812261227,-1.0290522307891627,0.7136727082779473
154,Sanmu,2023,1.4639650497319334,1.4063004736876021,-0.5103228967819082,-3.4501631631549112,-2.6263756720175224,-0.04048742092824415,0.0003871834730480929,-0.3413861528334451,-3.0379913887563057,-1.2649500166800152,2.1609265910485735,2.020778649775393,-0.8153873966902561,-2.1281985293859518,-1.606230968068239,2.489200092553484,2.6210413176871117,-1.4020517504448229,-2.2582489802149164,-1.4980434594344079,0.008809248266898185,0.4119034350001456,-0.8983386081671597,-0.6531090826562932,-1.0085164431458127,1.0632667755469427
