,region,year,prep_temp_2m,prep_soil_temp_l1,prep_soil_water_vol_l1,prep_net_solar_radiation,prep_total_rain,plnt_temp_2m,plnt_soil_temp_l1,plnt_soil_water_vol_l1,plnt_net_solar_radiation,plnt_total_rain,grow_temp_2m,grow_soil_temp_l1,grow_soil_water_vol_l1,grow_net_solar_radiation,grow_total_rain,head_temp_2m,head_soil_temp_l1,head_soil_water_vol_l1,head_net_solar_radiation,head_total_rain,hvst_temp_2m,hvst_soil_temp_l1,hvst_soil_water_vol_l1,hvst_net_solar_radiation,hvst_total_rain
3,Asahi,1993,281.7069725,282.0139775,0.6654353075,51601594.0,0.0164115676,289.9712,290.3213,0.604974,19310464.0,0.002515071,294.092285,294.292725,0.65313783,28586730.0,0.0153092928,296.35047,296.450315,0.6622481499999999,25962792.0,0.011811528299999999,290.31396,290.4016,0.67449504,10533897.0,0.005869001
4,Asahi,1994,281.16711250000003,281.45398,0.6577917375,52320519.0,0.0155798908,291.50244,291.6311,0.5921754,18140996.0,0.0038524377,296.64929500000005,297.08276,0.51805937,36202539.0,0.0041331525,298.78821,299.501465,0.451333015,33556361.0,0.0092475976,292.6709,292.80835,0.64127016,9785443.0,0.0035545274
5,Asahi,1995,281.644045,281.87854,0.6094408175,51731305.0,0.0111577065,290.89575,291.15698,0.652623,16743850.0,0.007043913,295.634885,295.776485,0.6521014549999999,31181010.0,0.010354064400000002,297.96679,298.696535,0.398300945,32922469.0,0.0093686164,292.03662,292.0647,0.6311676,11153036.0,0.0031976304
6,Asahi,1996,280.903805,281.19751,0.5831440575,52122021.0,0.0100715487,289.76,290.22266,0.5602061,18958136.0,0.0029599876,295.436035,295.849855,0.55239935,34491381.0,0.0114346164,295.973025,296.422,0.532309715,30197816.0,0.0123071694,290.71997,290.6438,0.6726418,10998594.0,0.0032397846
7,Asahi,1997,282.1747425,282.406435,0.6065041525,53244354.0,0.0108331006,291.31372,291.62207,0.5939607,17574248.0,0.004053563,295.789425,296.1067,0.601754165,34707761.0,0.0080871277,297.166015,297.62646500000005,0.48093433,30242374.0,0.0055034755000000005,290.85742,291.09448,0.54149055,13196655.0,0.001569662
8,Asahi,1998,282.4486675,282.66175,0.6773530750000001,46343662.0,0.0198708233,292.5581,292.61255,0.6621943,15351075.0,0.0046279132,295.34632,295.54040499999996,0.6754619749999999,29477257.0,0.013075091,297.66700000000003,297.90844,0.65954578,27604978.0,0.0102451665,293.09863,293.24536,0.67887676,10984828.0,0.003807653
9,Asahi,1999,282.06622500000003,282.24481249999997,0.6287289475,49456184.0,0.0162568136,291.67993,291.88818,0.63015324,18520328.0,0.0037104338,295.992555,296.14428999999996,0.6271657049999999,34182764.0,0.0103679224,299.411015,299.878055,0.41421833500000005,33953836.0,0.0032272261999999998,292.28125,292.69434,0.4633481,10841017.0,0.004349664
10,Asahi,2000,281.8313025,282.1547875,0.62836424,52762253.0,0.0150489409,291.28662,291.6931,0.6561494,18587800.0,0.005503498,296.31824,296.561885,0.65690385,34285984.0,0.014258869,298.33203000000003,298.74462500000004,0.51739485,33020921.0,0.0058162547,291.7146,291.90894,0.6404633,9608203.0,0.0044962056
11,Asahi,2001,281.7633675,282.0506625,0.6365615525,50672491.0,0.015511878100000001,291.4226,291.59692,0.5918277,17557362.0,0.0035712218,297.14892499999996,297.545655,0.5210946000000001,38333922.0,0.0051629777,296.89428,297.362795,0.50809738,30312392.0,0.0101770808,291.82153,291.74878,0.6749608,11309249.0,0.008866414
12,Asahi,2002,283.139095,283.3087775,0.6142242,51229669.0,0.0127140744,290.2815,290.68237,0.6005579,17673916.0,0.0034574629,296.14221,296.391965,0.613177125,34113434.0,0.010392622,297.452875,297.91992,0.5690202449999999,31484889.0,0.013113299600000001,291.29028,291.58716,0.6713955,11197984.0,0.004274301
13,Asahi,2003,281.44409,281.619445,0.67477946,48888283.0,0.0175249237,290.50488,290.68677,0.6342563,16829848.0,0.0038411927,294.948485,295.22241499999996,0.6173460500000001,30879311.0,0.0070653715,296.85913,297.15906,0.6347312,29144450.0,0.016841456,290.62085,290.63916,0.67052704,10230264.0,0.0056068376
14,Asahi,2004,282.5140975,282.8394125,0.5811432,55172113.0,0.010993124160000001,291.20337,291.53735,0.6589441,15915579.0,0.007095307,296.72803,297.19092,0.54242434,39627546.0,0.0053728407,297.858155,298.36609,0.46864187999999996,31829007.0,0.0058873999,291.4265,291.5437,0.69446343,8737510.0,0.01869179
15,Asahi,2005,281.6845075,282.03137000000004,0.6520272575,52300934.0,0.014152206799999999,289.50293,290.06592,0.5618563,18481878.0,0.004120514,295.60107,295.88072999999997,0.66863855,32449027.0,0.012718446500000001,297.807865,298.15270999999996,0.6208937999999999,32448728.0,0.0080757596,292.1499,292.35693,0.667321,9522801.0,0.0050853044
16,Asahi,2006,281.54138,281.759095,0.6471076325,48520486.0,0.014936133800000001,290.65527,290.81055,0.6421654,16080348.0,0.004254155,295.434085,295.68408999999997,0.654516065,30118793.0,0.0113994667,297.37036,297.62255,0.61791425,30164106.0,0.009214844600000001,291.98877,292.14795,0.67010015,10540329.0,0.012140274
17,Asahi,2007,282.79632749999996,283.01502,0.63201525,51129943.0,0.0119576764,291.13452,291.55786,0.60636973,19487776.0,0.0040250532,295.18811,295.571415,0.5891624950000001,34212583.0,0.010236236499999999,298.679445,299.079345,0.49885595000000005,32688527.0,0.0066621827,291.64893,291.72266,0.63514805,10313913.0,0.008083917
18,Asahi,2008,281.7896125,282.05395500000003,0.6539533125,50406301.0,0.0152673251,290.48047,290.7776,0.670027,15997274.0,0.006434925,295.651855,295.93701,0.627956585,34839926.0,0.0086313417,297.665895,298.12317,0.54089225,30749683.0,0.0114799347,292.1709,292.11792,0.66569334,10890971.0,0.0036707788
19,Asahi,2009,282.8135975,283.0489525,0.6509533949999999,50680312.0,0.0154273212,291.83105,292.0752,0.5992118,17285962.0,0.0036299035,295.99194,296.129265,0.6555534000000001,30813629.0,0.0102907603,296.249145,296.548825,0.62039947,29211491.0,0.0083034995,291.3694,291.3374,0.6641508,10262022.0,0.007389333
20,Asahi,2010,282.0089725,282.2279025,0.661607485,44395173.0,0.019339903040000002,290.77173,291.09375,0.63137925,18664204.0,0.003989786,297.115115,297.265625,0.6377097,35931144.0,0.011609539200000001,298.867185,299.40503,0.5330517850000001,33621560.0,0.0117303633,292.23828,292.32983,0.69190866,8997382.0,0.0102082975
21,Asahi,2011,281.36157,281.7202175,0.6098610074999999,54706223.0,0.0111471086,290.812,291.17603,0.6076008,17303572.0,0.0065583177,296.65675,296.88793999999996,0.585855775,34435900.0,0.008395913500000001,298.375245,298.719115,0.59624595,32530300.0,0.0072299966,291.90308,291.9878,0.6341499,10287157.0,0.0047875457
22,Asahi,2012,281.30816500000003,281.4241925,0.65305728,48207648.0,0.0164423129,291.46313,291.83618,0.6308069,19108588.0,0.004101943,295.550045,295.818355,0.62435642,34552649.0,0.0093352243,298.85326499999996,299.344605,0.48251990999999994,33124260.0,0.0085612348,291.98413,292.20557,0.684449,11462514.0,0.006676674
23,Asahi,2013,282.2044075,282.37598,0.64509542,51493403.0,0.0133879688,290.67334,291.13696,0.56478703,20201160.0,0.0021079506,296.26245,296.6178,0.55975195,34039163.0,0.0073681498,298.61902499999997,299.085935,0.47864607000000003,34293903.0,0.0053231814999999995,292.9048,292.99585,0.66657,9433847.0,0.011611246
24,Asahi,2014,281.9484875,282.17535250000003,0.6402704275,52321074.0,0.0168697616,291.55884,291.8418,0.6065424,20156148.0,0.004311975,296.459835,296.81665,0.6285368,36182020.0,0.0085972012,297.163085,297.4126,0.57901077,30677156.0,0.0089068226,291.88623,291.81445,0.67036754,10976406.0,0.008385353
25,Asahi,2015,282.1802975,282.378295,0.6717266625,49006289.0,0.0169010164,292.51392,292.90112,0.54247445,19996938.0,0.0024151767,296.18138999999996,296.36731,0.63565045,33817793.0,0.0125871153,297.51892,297.9021,0.55898273,30009851.0,0.0119369636,291.427,291.5193,0.61595863,11547854.0,0.002488111
26,Asahi,2016,282.8516225,282.996885,0.6468551650000001,47629941.0,0.0129493522,291.9065,292.25,0.5861726,19430920.0,0.00433892,296.18273999999997,296.44165,0.6332433799999999,34895880.0,0.0093335747,298.42944,298.551145,0.64630195,27851645.0,0.0153477527,292.32983,292.44043,0.6647392,10405504.0,0.0036583508
27,Asahi,2017,281.9708225,282.2522,0.6308442375000001,53717612.0,0.012964222899999999,291.89233,292.29517,0.5820845,19297800.0,0.003682654,296.43494,296.74170000000004,0.55877055,36246520.0,0.0064907298,297.399535,297.66138,0.59919875,27965193.0,0.0105178023,291.25195,291.37866,0.6932633,8507223.0,0.011037387
28,Asahi,2018,282.8594325,283.0374775,0.6177566875,52664235.0,0.0119646288,292.0569,292.2849,0.63379794,18741720.0,0.0062816925,297.28234999999995,297.549325,0.60051232,37118356.0,0.009889921999999999,298.3888,298.660285,0.60687033,30016961.0,0.0139817029,292.65527,292.73315,0.6566254,10473698.0,0.002556329
29,Asahi,2019,282.4440325,282.6153575,0.623500305,49822225.0,0.01321850384,291.70117,291.91797,0.609804,20159624.0,0.003871981,295.56922,295.75097500000004,0.66699123,31216270.0,0.0142795332,299.01355,299.35327500000005,0.538550725,33093961.0,0.0061535875,293.32568,293.4817,0.64331967,9824599.0,0.009800062
30,Asahi,2020,283.2105675,283.43841499999996,0.664498045,49509263.0,0.0156335945,291.91333,292.1775,0.6379179,17540928.0,0.004220262,296.40209500000003,296.50342,0.682175125,27809105.0,0.0177253855,299.03698499999996,299.4801,0.5173616400000001,32830553.0,0.0043834887,291.3286,291.4397,0.66075104,8547468.0,0.009796809
31,Asahi,2021,283.54443249999997,283.763915,0.59509401,54050049.0,0.012210867799999999,292.18213,292.48218,0.5674088,16818724.0,0.0037550004,296.375365,296.649535,0.62700382,34340866.0,0.014419860699999999,297.70300499999996,297.82275500000003,0.6531089,27867564.0,0.013058118399999999,291.89722,292.11084,0.6817582,10509062.0,0.007939145
32,Asahi,2022,282.17742999999996,282.445255,0.6392125,50733316.0,0.0159763513,291.26587,291.48242,0.666843,17390268.0,0.004869383,296.962405,297.24597,0.612487375,37188332.0,0.0092057253,298.396975,298.74463000000003,0.5850451249999999,27386992.0,0.006142292,291.70337,291.82056,0.6558849,7555014.0,0.0029920016
33,Asahi,2023,283.5415075,283.708125,0.635340705,39194158.0,0.0073189458,291.2339,291.5315,0.6463804,12810040.0,0.002879521,297.502935,297.73694,0.5854537,26844309.0,0.005033833400000001,300.26745500000004,300.87890500000003,0.41057332,24692417.0,0.0036104134999999996,292.1792,292.50635,0.58498234,9564114.0,0.0026184754
37,Ichihara,1993,281.49130974999997,281.84727175,0.3947708285,48939314.05,0.0155982217399999,289.859062,289.88784599999997,0.364818405,17345232.0,0.00245914711,294.1387115,294.071816,0.3912181939999999,26129581.1,0.016217883160000002,296.25607,296.350183,0.392173958,24022729.200000003,0.014083867889999999,289.928908,290.40536699999996,0.3971442,9981573.1,0.00587839443
38,Ichihara,1994,280.97230425,281.312208,0.3924177205,49313171.75,0.0152428457899998,291.406804,291.228038,0.359401239,16752593.5,0.00413729842,296.70592899999997,296.635307,0.34890345899999997,32755355.1,0.00553318206,298.5378825,298.97011499999996,0.315458441,31056763.6,0.01069905882,292.187997,292.745806,0.393048989,9137481.6,0.00328825727
39,Ichihara,1995,281.3222945,281.61268625,0.3779218255,48781969.3,0.01157953662,290.815913,290.78202799999997,0.3927767869999999,15477223.3,0.0069252433799999,295.508624,295.3717905,0.386651808,28858543.6,0.0090439619,297.948446,298.585302,0.241828089,31065646.400000002,0.008905725073,291.615319,292.033158,0.373679495,10525894.6,0.0031956813
40,Ichihara,1996,280.58292825,280.89069625,0.36876765175,48650663.4,0.01080256366,289.755581,289.751254,0.356628214,16967911.4,0.00311426422,295.57649100000003,295.561097,0.3492034625,31702627.200000003,0.0113028737399999,295.943627,296.314093,0.33882748399999996,27172348.1,0.0137000975599999,290.209035,290.54806199999996,0.39409852,10326772.4,0.00286046182
41,Ichihara,1997,281.8002895,282.03721774999997,0.3704460485,50000391.7,0.010352708799999999,291.00282000000004,291.043163,0.379020465,16316677.0,0.00409227604,295.597434,295.596678,0.372919506,31772810.1,0.009349645180000001,296.9399905,297.273976,0.328810325,28045325.8,0.005822582957,290.52858200000003,291.01185399999997,0.355592559,12357480.8,0.00160611046
42,Ichihara,1998,282.21317750000003,282.38383925,0.40345683824999995,43348417.5,0.0214886639,292.501467,292.295309,0.392021727,13898169.1,0.00460507343,295.47189449999996,295.4063185,0.398236794,26440783.2,0.01492229189,297.721428,297.910741,0.39947919249999997,25652557.700000003,0.01186790994,292.810636,293.267094,0.404849458,10236142.8,0.00424893014
43,Ichihara,1999,281.69838875,281.8980265,0.38124357425,45746005.2,0.016211847089999898,291.39808800000003,291.29755,0.372383297,17236101.0,0.00406080112,295.81663249999997,295.71380049999993,0.371703868,31503848.2,0.009861266090000001,299.098806,299.33626350000003,0.307219099,31019666.5,0.00524300686,291.98954100000003,292.633195,0.326377702,10336266.5,0.0040101738999999
44,Ichihara,2000,281.3490925,281.70301,0.38060946075,49867639.2,0.01403092464,291.246612,291.295793,0.382268108,17370674.8,0.00469245938,296.19009,296.1661345,0.388175995,31633387.4,0.01547598746,298.04413999999997,298.299539,0.3575978875,30003830.6,0.008744751700000001,291.33495600000003,291.927727,0.400996483,8770945.0,0.00525103205
45,Ichihara,2001,281.30651375,281.67376775,0.38473299524999993,47942990.9,0.0155547108999999,291.106125,290.988256,0.376148593,15776148.7,0.00443317007,296.797139,296.85686799999996,0.34421990950000003,35242358.1,0.00568892245,296.657386,297.0402375,0.3519184775,27415426.1,0.0113543171199999,291.215254,291.60704100000004,0.4030202639999999,10507704.0,0.00882753025
46,Ichihara,2002,282.8031265,282.98764525,0.37554156325,49139455.4,0.01290374945,290.170883,290.272766,0.3673734899999999,15969892.9,0.00306920284,296.2249115,296.1600535,0.37097415850000004,31270826.1,0.0114756995899999,297.2400615,297.67952249999996,0.362308603,29056688.0,0.0132296872999999,291.00480600000003,291.675293,0.399032928,10810329.5,0.004810607
47,Ichihara,2003,281.190826,281.406298,0.4008336755,45998563.2,0.0178151341899999,290.377904,290.24551299999996,0.378768729,14481181.9,0.00352010062,295.0425265,294.96738949999997,0.387870348,27501923.9,0.00814831011,296.9334045,297.2085805,0.375006443,27384406.9,0.0174262591299999,290.080895,290.580916,0.398855064,9975962.1,0.00530161525
48,Ichihara,2004,282.3796915,282.71573575,0.3629807825,51809670.4,0.0110105595459999,291.64416900000003,291.627324,0.39313047,14657317.6,0.00698545739,297.14697449999994,297.2673765,0.3168569245,36910071.0,0.00523683656,297.86823449999997,298.290881,0.3244583785,29328288.9,0.0088323683399999,291.007306,291.591523,0.413200368,8200776.1,0.0188128066
49,Ichihara,2005,281.563314,281.928449,0.3919772055,49273364.4,0.01453452444,289.693453,289.8956,0.349299025,16992311.9,0.00425037615,295.76704900000004,295.709991,0.3949484815,29200447.5,0.015297075369999899,297.64108799999997,297.97821250000004,0.36336534649999996,29626537.4,0.0078135712399998,291.662377,292.191523,0.395578217,8962444.4,0.00425212896
50,Ichihara,2006,281.236966,281.4685245,0.3893782195,45110446.75,0.01532152713,290.491136,290.375728,0.391730581,14539578.8,0.0041305143,295.53529,295.4703595,0.38667850449999996,27610031.799999997,0.01078579797,297.122746,297.3734175,0.38931476499999995,27817047.700000003,0.01204572808,291.597392,292.08110500000004,0.392203101,9937488.5,0.01120672705
51,Ichihara,2007,282.41384875,282.7525825,0.384676847,48355841.9,0.0123998382599999,291.00709,291.109755,0.37765484,18037062.2,0.00387355973,295.3047245,295.330398,0.3731550495,31299871.8,0.012042036839999999,298.42406800000003,298.753641,0.32413600749999993,30497263.7,0.00810263101,291.232042,291.665787,0.386741305,9705558.6,0.0083589670899999
52,Ichihara,2008,281.43141025,281.78438,0.391158032,47734965.2,0.01576442098,290.377227,290.392533,0.401212847,14462308.9,0.0078404002299999,295.73584750000003,295.7189525,0.36988030699999996,31737388.5,0.00906525443,297.515352,297.8867745,0.344142865,28196740.7,0.0104772297999999,291.757585,292.11294699999996,0.398499832,9936086.6,0.00440302818
53,Ichihara,2009,282.513102,282.84232699999995,0.38799488574999996,47650580.0,0.01533889387,291.636536,291.634715,0.374305656,15951535.4,0.00445869358,296.0227575,295.9373325,0.3933424095,28432580.7,0.01226534185,296.2132795,296.523505,0.3743866735,26948453.8,0.0093690357099999,291.025266,291.285083,0.3922863829999999,9363103.2,0.0085225609
54,Ichihara,2010,281.7019025,281.9963135,0.39332183649999997,42169248.1,0.0185271203649999,290.58950500000003,290.70835,0.3750022899999999,17329746.0,0.0034508780099999,297.0061585,296.856134,0.376997423,33215860.1,0.011612895889999999,298.7675345,299.22541049999995,0.334235415,31221060.0,0.01231625243,291.56697399999996,292.088726,0.409738005,8104473.45,0.0101467449
55,Ichihara,2011,281.01325075,281.453454,0.371699357,51638772.900000006,0.011296995891,290.567477,290.614056,0.379592467,16071174.0,0.00709955955,296.64516000000003,296.560748,0.36143947200000004,31513157.0,0.00866762096,298.1415715,298.43906300000003,0.36525400899999994,30132535.2,0.0081594849399999,291.46669099999997,291.972606,0.390805888,9573028.5,0.00603010433
56,Ichihara,2012,280.86832000000004,281.07099425,0.39176754299999994,45368950.75,0.01779946756,291.282306,291.27928299999996,0.379306995,17439784.0,0.00421720174,295.4922605,295.4255365,0.3801664895,30641241.799999997,0.00905698221,298.6138575,298.92193499999996,0.3198455635,30551775.5,0.0086305421399999,291.412313,292.101746,0.405137907,10915710.4,0.0065513208399999
57,Ichihara,2013,281.91582425,282.1832365,0.39165996449999996,48388633.1,0.014255843489999899,290.83945800000004,290.901877,0.351312051,18381586.4,0.00215829779,296.2262955,296.218234,0.3611434995,30397653.9,0.00897305467,298.4322485,298.80129150000005,0.3230218644999999,31806054.900000002,0.00594208427,292.31091000000004,292.787273,0.397863019,8705009.1,0.0123491157
58,Ichihara,2014,281.56923025000003,281.85369775,0.38830797975,48419915.1,0.018519599720000002,291.34641999999997,291.331586,0.368527904,19098989.4,0.00397480607,296.4418035,296.4152385,0.377966606,33040898.799999997,0.0084919622,296.88963,297.194746,0.36236093150000004,28677775.5,0.0095083379,291.34028,291.68771200000003,0.399964286,9961992.4,0.00895257525
59,Ichihara,2015,281.8995545,282.14985925,0.39889687975,45898532.9,0.0168221384599999,292.380832,292.362545,0.344782055,18261752.6,0.00272653732,295.9645865,295.8582675,0.3895626,30359891.9,0.01467754844,297.2826665,297.64700949999997,0.3475835195,27474245.4,0.01507774199,290.955283,291.471448,0.377288401,11111126.7,0.00364539263
60,Ichihara,2016,282.6235925,282.870738,0.38990524075,44438966.8,0.01434226211,291.941739,291.989318,0.366238334,18023879.2,0.00434416183,296.140197,296.104432,0.384718416,31484299.799999997,0.01153413243,298.197531,298.26415399999996,0.39623702250000004,25222571.6,0.01716814523,292.072675,292.66785300000004,0.3919849649999999,9612809.1,0.00380448622
61,Ichihara,2017,281.62321175,281.930394,0.37838008375,51253653.1,0.012585307869999899,291.845937,291.843908,0.355876218,18027749.2,0.00402184565,296.4758885,296.4739755,0.34304117050000005,33712005.1,0.0062507806799999,297.2846065,297.4907965,0.38895605099999997,25042184.9,0.01371602259,290.608791,291.22522100000003,0.41277046,7779871.6,0.0128183915499999
62,Ichihara,2018,282.5438875,282.75660925,0.37735610225,50103025.9,0.01211820089,291.997751,291.983101,0.382719624,17556754.2,0.00653951772,297.29311200000006,297.2633755,0.36060312299999997,34287994.6,0.01046030809,298.1753135,298.47004200000003,0.3744986495,27973297.0,0.013471235509999901,291.971997,292.52579299999996,0.390163554,10059366.3,0.00208328261
63,Ichihara,2019,282.00200900000004,282.26726775,0.379500668,46664313.0,0.0132373310619999,291.581285,291.410766,0.36702435,18190403.2,0.00355535061,295.57122649999997,295.470867,0.3940554505,28105596.3,0.014637782490000001,298.950337,299.199316,0.3414712715,30442060.599999998,0.0075376487999999995,292.878422,293.343264,0.389192091,8887016.2,0.0117307837
64,Ichihara,2020,282.81457225,283.14149050000003,0.395553247,46779550.7,0.01748169391,291.79839499999997,291.761568,0.374765886,16061563.8,0.0037891276,296.521032,296.353223,0.3985352325,25439464.1,0.01683713245,299.0282465,299.357048,0.326083844,30469871.4,0.00565650182,290.695903,291.254931,0.399470961,8220521.0,0.00881476375
65,Ichihara,2021,283.18393675,283.45343249999996,0.37053348375,50925851.5,0.01218713718,292.103817,292.075385,0.365312816,15713004.0,0.0040004431899999,296.4236885,296.340057,0.37982065,31073160.6,0.015452800689999999,297.4668195,297.6413165,0.39000181449999993,24980957.9,0.01491706006,291.389129,291.997826,0.404225685,9762286.2,0.00763730756
66,Ichihara,2022,281.7894045,282.078577,0.38239213650000003,47317803.6,0.0157343296269998,291.215188,291.087348,0.396235286,15961464.1,0.00485023273,296.9098675,296.85340199999996,0.3800539255,33604226.3,0.0116949466499998,298.415106,298.6895965,0.3746499665,24655651.200000003,0.00707485398,290.921414,291.514313,0.397417484,7231620.3,0.002580414
67,Ichihara,2023,283.18993075000003,283.40715675,0.383395295,36801460.15,0.0075432085169999,291.263262,291.32185,0.387488057,11780550.7,0.00261855196,297.5113315,297.45826650000004,0.346706837,24977976.6,0.005087988010999999,299.969791,300.3260925,0.3098621535,22974767.0,0.00588494703,291.765801,292.393963,0.364955437,9084766.7,0.00259974164
71,Katori,1993,281.05617125,281.45776958333335,0.4505552033333333,50008262.25,0.0152598947166666,289.7761216666667,290.03120666666666,0.41266636,18566321.666666668,0.0024414826666666,294.0428033333333,294.1325058333333,0.4413095174999999,27005257.0,0.0148385040166665,296.1356108333333,296.3057416666667,0.4476324283333333,24278361.333333332,0.0117476194333333,289.79010666666665,290.20937166666664,0.4542717533333333,10052610.666666666,0.0052954623499999
72,Katori,1994,280.50287125,280.86426375,0.4457311225,50458045.083333336,0.014497872033333201,291.3172333333334,291.35854333333333,0.39981538,17346580.333333332,0.0036258585833333,296.71095583333334,296.93347166666666,0.36576790499999995,34270292.333333336,0.0046169093316666,298.8485725,299.5050616666667,0.3280683375,31566034.166666668,0.0099543749,292.24266166666666,292.6756266666667,0.4410543433333333,9244154.166666666,0.0032757386
73,Katori,1995,281.06725500000005,281.3634833333333,0.42193686166666666,50027395.16666667,0.0101828039833332,290.80996,290.9468716666667,0.4402245083333334,15979231.666666666,0.0064288309666666,295.57845833333334,295.56473500000004,0.44323082999999996,29222288.333333336,0.010816492016666599,298.00455,298.71392,0.27872661833333334,30971639.833333336,0.0089676197716666,291.60562,291.93317,0.4245471966666667,10746711.833333334,0.0028643443
74,Katori,1996,280.3011229166667,280.64866166666667,0.40339173,50525124.666666664,0.0093566467333332,289.64969666666667,289.9473316666667,0.3881555,18119619.0,0.0029315638833333,295.56186833333334,295.78365083333335,0.378947965,32414507.333333336,0.0115112231333333,295.86954249999997,296.3672358333333,0.36417534916666666,28167416.333333336,0.012617103766666601,290.19583166666666,290.4482033333333,0.451916955,10554745.166666666,0.0028467142666666
75,Katori,1997,281.586525,281.8798479166667,0.41594354,51609762.166666664,0.0103488812666665,291.15579499999996,291.36102999999997,0.4133471616666667,16842783.666666668,0.00417648885,295.83817999999997,296.01725666666664,0.4138050491666667,33262135.833333336,0.0082831029999999,297.01317666666665,297.48475,0.34955485583333334,28377666.5,0.005258682416666599,290.34110833333335,290.8505583333333,0.3776499233333333,12632995.666666666,0.00152834425
76,Katori,1998,281.75817166666667,282.03529041666667,0.45696480124999994,44937888.333333336,0.0181434587166664,292.38647,292.346805,0.45062653,14717868.5,0.00477833445,295.26995,295.3918591666667,0.4541912408333333,27950055.666666668,0.012651807233333201,297.5482166666667,297.81727083333334,0.453511715,25699957.5,0.011135545933333199,292.68811,293.130965,0.4599471083333333,10423399.5,0.0037957666666666
77,Katori,1999,281.35336541666663,281.60587666666663,0.4297085545833333,47939463.666666664,0.015445067259999699,291.49196,291.5577666666666,0.4284798483333333,17662040.666666668,0.0036044476,295.9710325,295.9982233333333,0.4256641849999999,32363979.166666664,0.0107788607666666,299.35562500000003,299.7465625,0.3076419933333333,31763460.166666668,0.0039093554333332,291.77722166666666,292.45647333333335,0.3365488233333333,10395160.666666666,0.00403781295
78,Katori,2000,281.15292791666667,281.55875249999997,0.42836660374999996,51281213.666666664,0.013311059566666601,291.1207083333333,291.3793733333333,0.4490510599999999,17809459.0,0.0056294464166666,296.32174166666664,296.4350566666667,0.4428508883333333,32575175.0,0.0141538879833333,298.2143316666667,298.652595,0.37292673833333334,30927274.166666664,0.0067386674333331995,291.15551666666664,291.68772,0.446239235,9175148.333333334,0.0041998791333333
79,Katori,2001,281.06990041666666,281.41425000000004,0.43219636749999996,49302865.0,0.0142687125999999,291.209875,291.25265833333333,0.4083603233333333,16772221.0,0.0034483176333333,297.1958875,297.41511833333334,0.35999869333333334,36464334.16666667,0.0049772939000000006,296.649345,297.18521583333336,0.36652055249999993,28232662.833333332,0.0100104617666665,291.235465,291.49399166666666,0.4542280066666666,10862315.333333334,0.008261531
80,Katori,2002,282.5270879166667,282.75956583333334,0.42018108499999995,49497556.5,0.011860213216666499,290.01069333333334,290.34496666666666,0.4102596633333333,16933444.5,0.0032772902999999,296.1428025,296.2549466666667,0.41148830166666667,32411881.166666664,0.0094970036999999,297.30053583333336,297.83524750000004,0.3930218525,29631254.5,0.012960044316666499,290.7659433333333,291.39571666666666,0.4498444383333333,10750666.5,0.0037187304333333
81,Katori,2003,280.78993125,281.019475,0.45464163625,47364612.5,0.016329585166666598,290.2008466666667,290.30571333333336,0.431238415,16166695.166666666,0.0042915362,294.77872916666666,294.9482108333333,0.427015465,29001807.666666664,0.0068412914333333,296.64541583333335,296.98653583333333,0.4297124341666666,27208734.5,0.0169926028166666,289.9595266666667,290.3214933333333,0.45236919,9807114.333333334,0.0052631848
82,Katori,2004,281.9027654166667,282.2853,0.40358705,53694581.0,0.0102850558799998,291.03121000000004,291.25017833333334,0.44987452,15179322.333333334,0.00674142105,296.8259225,297.113785,0.37676522916666666,37441567.66666667,0.00577802635,297.82716666666664,298.340735,0.3346791958333333,29671706.333333336,0.0058179125999999,290.74615666666665,291.2404466666667,0.4686957516666667,8322121.75,0.0189389845
83,Katori,2005,281.03552125,281.4518125,0.44101513625,50901601.16666667,0.012804874766666599,289.1674533333333,289.692,0.386588475,17765425.666666668,0.0035857822833333,295.5738133333333,295.7071291666667,0.44825984750000003,30857655.666666668,0.0120739620999999,297.6985325,298.076325,0.43004831833333335,30381596.333333336,0.0086670308833332,291.707915,292.19195333333334,0.4552288433333333,9056351.333333334,0.0047972950333333
84,Katori,2006,280.9219591666666,281.15460333333334,0.43782631041666664,47146742.75,0.013516768783333199,290.488385,290.502165,0.44175689,15345534.666666666,0.00415113945,295.4063675,295.4961925,0.44428518333333333,28354520.833333336,0.0115165091999999,297.22425999999996,297.53322000000003,0.41977629833333324,28373864.5,0.0090599877333333,291.4648416666667,291.9336766666667,0.4485559416666667,10046134.833333334,0.0113385980833333
85,Katori,2007,282.19033583333334,282.5307683333333,0.43037103416666667,49629141.16666667,0.0109376013833333,290.92600166666665,291.23777333333334,0.4222307983333333,18700979.666666668,0.0039373284833333,295.15516249999996,295.41179416666665,0.40704434249999993,32321920.5,0.009815650983333299,298.70085416666666,299.09633083333335,0.34258457,30618812.833333332,0.0069721139333332,291.15412166666664,291.55302,0.4352154716666667,9957339.333333334,0.0072493690166666
86,Katori,2008,281.1465866666667,281.4814979166666,0.44387723916666666,48757807.75,0.0143406765333332,290.2923466666667,290.5161533333333,0.4492925216666667,15344604.833333334,0.0061173601666666,295.64481666666666,295.79512666666665,0.4242207225,32788498.166666668,0.0081262263833333,297.5054858333333,297.9723633333333,0.3893495016666667,28657829.0,0.0120165439833333,291.656325,291.9328483333333,0.451449685,10412431.166666666,0.0033255397833333
87,Katori,2009,282.23299208333333,282.57103958333335,0.44059206125,49268563.08333333,0.0147019430499998,291.7207583333333,291.85657,0.4109110416666666,16592223.166666666,0.0038850425833333,295.997255,296.00827166666664,0.44689900583333325,29088057.166666668,0.0099873437833333,296.01966333333337,296.43484666666666,0.4169350558333333,27470827.166666664,0.0080843412333333,290.906625,291.17213,0.4481080616666666,9852640.833333334,0.0070234717666666
88,Katori,2010,281.34943499999997,281.6356625,0.44689036041666663,43204262.166666664,0.017417121819999902,290.60493333333335,290.8373166666667,0.4285950966666667,17821518.666666668,0.0038951245666666,297.2361383333333,297.20285333333334,0.43338411916666664,34152923.0,0.0122117939666666,298.84888416666666,299.40820333333335,0.37451721083333334,31544700.666666664,0.0121503971833333,291.728,292.17860666666667,0.46435527,8710436.166666666,0.00929234775
89,Katori,2011,280.7404683333333,281.17467999999997,0.4167744329166666,53079144.0,0.0102409332883331,290.6694683333333,290.9029033333333,0.4186293666666666,16543951.0,0.00612599385,296.79400083333337,296.86634333333336,0.39537583666666665,32720524.5,0.0084498533833333,298.2507625,298.60747583333335,0.417901615,30410352.5,0.0080491933333333,291.45950833333336,291.8733283333333,0.4349000483333333,9897926.666666666,0.00473785595
90,Katori,2012,280.64102041666666,280.83309875,0.4421355708333333,46852725.83333333,0.0147778011999999,291.2375133333333,291.48577833333337,0.4365403833333333,18243475.333333332,0.0044473562666666,295.500725,295.65373583333337,0.42637124666666665,32965861.666666664,0.0095371345333333,298.7870975,299.21919333333335,0.35788492250000004,31134251.166666668,0.0084045277333332,291.461945,292.0345966666667,0.46105981,10991663.833333334,0.0059010387666666
91,Katori,2013,281.58090458333334,281.8405133333333,0.43753053249999996,49869219.666666664,0.0122406827666664,290.64042,291.0083383333333,0.380186935,19385476.333333332,0.0019491365333333,296.29293583333333,296.5521008333333,0.3784889983333333,32409746.166666664,0.006801357799999901,298.5537841666667,299.0147216666667,0.34484249499999997,32359938.5,0.0053876664166666,292.40591,292.82045999999997,0.4490973733333334,8954889.0,0.01172154925
92,Katori,2014,281.2832754166667,281.5949908333333,0.43230982041666666,50699478.0,0.0158823456166665,291.48558333333335,291.62196166666666,0.4130413316666666,19207460.0,0.0039986538,296.5131508333333,296.70954083333334,0.43168729000000006,34233070.333333336,0.0093168308333332,297.0210725,297.3694325,0.4018986625,28941933.0,0.0084588337166666,291.28926,291.5908366666667,0.4510009516666666,10598869.0,0.0077505656333333
93,Katori,2015,281.57596,281.83195625,0.45254020291666663,47514151.166666664,0.0153521992333332,292.4890883333333,292.711255,0.3687648966666666,19346094.666666668,0.00210909485,296.2197766666667,296.28879,0.4290742283333333,32364926.833333336,0.0118295107833332,297.3382541666666,297.78182333333336,0.39015965666666663,27852949.5,0.012213471850000001,290.9183983333333,291.34296333333333,0.4143047149999999,11028915.833333334,0.0019452355333333
94,Katori,2016,282.19080333333335,282.45331125,0.4387675395833333,46275414.5,0.0119944159666665,291.83467666666667,292.06513,0.3997766366666666,18597419.0,0.0037259333833333,296.184325,296.3523491666666,0.42268470999999996,32899158.666666664,0.008396488899999999,298.23186166666665,298.41698166666663,0.4379431691666666,26274376.666666668,0.014916703833333201,291.79759333333334,292.2477483333334,0.4465244633333333,10021525.833333334,0.00328220995
95,Katori,2017,281.34687583333334,281.70603875,0.4310161908333333,52083223.333333336,0.0121243944499999,291.913125,292.10539,0.3999342716666667,18326503.0,0.0035608887833333,296.47260083333333,296.646625,0.37980625,34330811.333333336,0.0064498264833333,297.17524833333334,297.49432,0.4156015616666666,26232541.0,0.0098671514333332,290.622605,291.0998383333333,0.46617373,8133780.333333333,0.011130436
96,Katori,2018,282.25792208333337,282.45990333333333,0.4250302908333333,50784353.66666667,0.0114616104166665,291.9467216666667,292.12480666666664,0.4325343983333333,17960488.333333332,0.0058900395666666,297.3788666666667,297.50645,0.4100099,35154420.333333336,0.0097184075833333,298.2691666666667,298.62335083333335,0.41709838416666667,28218276.0,0.0137440422999999,292.18060833333334,292.61841499999997,0.4409740399999999,10030503.5,0.0021520351999999
97,Katori,2019,281.84439583333335,282.1119595833334,0.4221228045833333,48464442.833333336,0.0121898641599999,291.620225,291.68507,0.4112401216666666,19271834.0,0.00390244765,295.5522683333333,295.6114025,0.44878368333333335,29515564.5,0.0135774129166666,298.99639666666667,299.36541,0.37069075249999994,31092133.0,0.0060029020333332,292.848715,293.336135,0.4322189883333333,9402808.5,0.0093069785
98,Katori,2020,282.60512875,282.94719583333335,0.44998874291666663,47895108.083333336,0.0146324859999999,291.82266166666665,291.9600983333333,0.434416195,16655507.166666666,0.0038328904666666,296.4014691666667,296.37070500000004,0.4583485341666666,26284231.166666664,0.017682352549999898,299.02676916666667,299.4843558333333,0.3608034866666666,30966829.0,0.0043426005333332,290.7977466666667,291.272475,0.4478053283333333,8162371.583333333,0.0088906611666666
99,Katori,2021,282.92437583333333,283.22415875,0.41043168333333335,52307849.5,0.0112481598666665,292.13258666666667,292.26410166666665,0.4006932766666666,15939973.166666666,0.0035029946333333,296.3619458333333,296.53069833333336,0.42329386083333326,32681027.0,0.013706146983333299,297.52765999999997,297.73431416666665,0.4401260425,26262265.166666664,0.0125105915999999,291.37310833333333,291.9339,0.4568274599999999,10061721.833333334,0.0073052463666666
100,Katori,2022,281.57067041666664,281.89877249999995,0.43397743916666665,49336737.5,0.0149652934116664,291.14750166666664,291.2425,0.4488951533333333,16719081.0,0.0044551926333333,297.172225,297.3046333333333,0.40943852999999997,35346689.166666664,0.0099453003333333,298.3302591666667,298.71603500000003,0.4140024183333333,25623766.333333332,0.0066515194333332,291.11456833333335,291.623535,0.4439262516666666,7276117.25,0.00273742355
101,Katori,2023,282.9993925,283.25278541666665,0.4321930283333333,38067502.166666664,0.0065610331033332,291.0968383333333,291.31295,0.4371681683333333,12272624.833333334,0.0026279385666666,297.6899308333333,297.7450808333333,0.3947855933333333,25510523.5,0.0052836093816666,300.3597916666667,300.9251008333333,0.29711029916666665,23305666.333333332,0.0038900540333333,291.66459833333334,292.3659416666667,0.3991844266666666,9135283.333333334,0.00259464145
105,Narita,1993,281.413396875,281.7706275,0.398539334375,48817384.125,0.015280259124999999,289.9863225,290.1400225,0.3625062725,17383746.5,0.00235643135,294.25846624999997,294.27057249999996,0.39118668749999996,25741667.5,0.01596737945,296.3234825,296.4726475,0.39575347624999996,23554959.0,0.0139836235,289.9425175,290.3731225,0.401810825,9915364.5,0.00567579435
106,Narita,1994,280.899400625,281.28228312500005,0.39617246375,49130078.0,0.0148622697,291.4921475,291.424685,0.3561605825,16694724.75,0.00394600745,296.89183249999996,296.969665,0.33989975,32538359.25,0.005145995775,298.77182875,299.35998125000003,0.30437681,30790286.75,0.0106540657999998,292.2202375,292.70799,0.396981595,9010286.75,0.003350341025
107,Narita,1995,281.33696125,281.638465,0.3787815725,48751838.25,0.011344787925,290.925185,290.9837475,0.3954318775,15348365.25,0.00662182795,295.68934125,295.63560375,0.3912900075,28305979.5,0.009655737025,298.20191124999997,299.02106625,0.22776633375,30677679.5,0.008696283035,291.64168,292.054185,0.3757098325,10517990.0,0.0030610735
108,Narita,1996,280.592314375,280.910015625,0.369113131875,48708265.25,0.0105252961,289.8615225,289.98445,0.3536837124999999,17000289.5,0.0030703306,295.77819375,295.89094375,0.34426206375,31375023.75,0.0114021057,296.05575375,296.49622999999997,0.332019835,26746402.75,0.013364474025,290.21004750000003,290.54941,0.4005345075,10243177.25,0.0028977493
109,Narita,1997,281.80504125,282.0371575,0.37103740875,49948984.0,0.010192811775,291.111015,291.2543,0.378773035,16216677.75,0.00421403535,295.80521250000004,295.90511875000004,0.37072214499999995,31692035.5,0.008807652675,297.1044925,297.51631625000005,0.32121438125,27527588.0,0.00586716615,290.54429500000003,291.0205175,0.3542683125,12303563.0,0.0015921515
110,Narita,1998,282.150116875,282.34420124999997,0.40772615375,43306593.75,0.021108996074999997,292.5679075,292.450315,0.3958992325,13921134.0,0.0047183491,295.5797675,295.6009875,0.4018814575,26187974.5,0.0139139282499999,297.79837125,298.045655,0.40305885875,25188226.25,0.011455401024999999,292.801685,293.254585,0.410238865,10173055.0,0.0042931923249999
111,Narita,1999,281.625276875,281.813445625,0.384183185625,45755679.75,0.0158052961,291.5271,291.5192975,0.3740523475,17120440.5,0.003889439125,295.97722250000004,295.963685,0.37149870125,31125536.0,0.00984215825,299.29951875,299.639915,0.2878062425,30660672.75,0.004543816175,291.98572,292.64843,0.31279171,10221488.0,0.0040518907
112,Narita,2000,281.360710625,281.716291875,0.380517320625,49739207.25,0.01342325975,291.36482,291.5586925,0.38527292,17221479.5,0.00474849245,296.3959875,296.48205875,0.38899719624999995,31417988.75,0.0149984019,298.25066625,298.60692625,0.34841534375,29740550.0,0.008055899625,291.32942249999996,291.91669,0.403434755,8770648.0,0.0051491835
113,Narita,2001,281.300573125,281.66504937499997,0.387028065,47846843.125,0.01533127715,291.22089500000004,291.195815,0.377297165,15745676.75,0.00427915535,297.04165125,297.22142375,0.33888057,35018953.25,0.0057798044749999,296.80291875,297.26783375,0.34725898624999996,27011931.25,0.01094738925,291.2257625,291.5703275,0.40767074,10442575.25,0.008644427125
114,Narita,2002,282.80491,282.9598375,0.37661070875,48900493.5,0.0125907288249999,290.240505,290.4726275,0.36951834,15936224.0,0.003352576575,296.37070500000004,296.41377624999996,0.3697661474999999,31011879.0,0.0108820105749999,297.38151625,297.90287875,0.3573760375,28839124.0,0.01284948575,290.99645,291.63816499999996,0.40271729,10720235.0,0.004621120025
115,Narita,2003,281.167925625,281.3735125,0.405103415,46135196.5,0.01762654345,290.45179,290.41889000000003,0.3836671075,14518569.0,0.003635646075,295.1257775,295.15764624999997,0.38732290125,27154422.75,0.0074114287749999,296.98040000000003,297.31876625,0.3762585825,26889319.75,0.018001402375,290.07466,290.55472499999996,0.4031766025,9907178.75,0.0054592338
116,Narita,2004,282.366026875,282.71672,0.36014822374999994,51950261.5,0.01040503894,291.63329250000004,291.7543075,0.3950495125,14570886.75,0.006861987325,297.3309825,297.6028375,0.30966475625,36687004.0,0.005121418475,298.021985,298.55054125000004,0.30973526875,28980187.25,0.00787860105,290.9977725,291.5473375,0.41833836,8135618.375,0.0191972919999999
117,Narita,2005,281.52749625,281.897278125,0.3944926543749999,49211646.5,0.014120392525,289.71341,290.0672325,0.345259905,16869762.0,0.004213485225,295.90802375,295.96299375,0.39929944375000004,28985474.0,0.0147433401999999,297.81524625,298.22794375,0.36584308875000005,29286209.0,0.0078493296749999,291.70721000000003,292.220475,0.4008090475,8871445.75,0.0043548707
118,Narita,2006,281.236569375,281.464845625,0.391652956875,45227283.875,0.014825840699999999,290.58826999999997,290.5562525,0.3945392425,14533253.75,0.0041525668,295.6871225,295.70718375,0.38942426375,27244078.0,0.010663686525,297.26051625,297.57814125000004,0.39037597125,27405920.75,0.0114833988999999,291.6371625,292.119595,0.3968362825,9826652.5,0.011559725
119,Narita,2007,282.430840625,282.777059375,0.386331694375,48301426.75,0.0119785938749998,291.12545750000004,291.3063275,0.3789724075,17989873.0,0.00383085005,295.445795,295.59132750000003,0.37238749625,30911602.75,0.01186816195,298.63325875,299.0453575,0.31756261125,30104501.25,0.007783443325,291.26727,291.6497275,0.38914776,9656235.0,0.007858515825
120,Narita,2008,281.43994625,281.790559375,0.394261898125,47528673.625,0.0154174464,290.4920975,290.5923725,0.4054754375,14435768.75,0.0077395175,295.92135625,296.0234025,0.36978015249999996,31326346.75,0.008750090625,297.65394875000004,298.13622250000003,0.3423711075,27688671.0,0.010608086175,291.79664,292.1229925,0.4029613724999999,9930160.75,0.004036160775
121,Narita,2009,282.526755,282.861706875,0.39038807312499996,47607733.875,0.015117237174999899,291.7788425,291.85868750000003,0.37461984,15862817.5,0.004376919675,296.2041,296.19039,0.3958189812499999,28056250.75,0.01146751055,296.29285749999997,296.65685125000005,0.37441623625,26589965.0,0.008803370349999999,291.05023,291.2848825,0.3962941825,9349847.25,0.0082476262
122,Narita,2010,281.67415625,281.97576625,0.397056789375,42150757.25,0.0184939393749999,290.7287325,290.938225,0.377346575,17240327.5,0.003454922525,297.26197249999996,297.22151625000004,0.377915505,33027870.75,0.011571002725,298.96473375000005,299.51657,0.33138305125,30887605.75,0.012827379350000001,291.5996175,292.09731,0.4147704825,8075616.375,0.009994512
123,Narita,2011,281.029926875,281.483,0.371637016875,51716126.75,0.0109329503174999,290.70529750000003,290.8245025,0.3794127674999999,15973181.5,0.007132909325,296.8654325,296.88393,0.3573549975,31356684.75,0.0083702663249999,298.30934875,298.68183375,0.36406385875,29756339.0,0.007754024125,291.51391,291.975435,0.3918939225,9564756.5,0.0056763253999999
124,Narita,2012,280.85604,281.03153625000004,0.394964128125,45390558.5,0.01707312095,291.415605,291.51581250000004,0.381599245,17374786.5,0.00423510115,295.6604075,295.69547,0.38015797875,30523981.25,0.00920105675,298.85922,299.29035125,0.30500415000000003,30242288.75,0.0082993963,291.44907750000004,292.1388475,0.40952206,10870055.25,0.0061694445
125,Narita,2013,281.902279375,282.13617562499996,0.393264295625,48350893.75,0.0135692279249999,290.980565,291.1886575,0.344887735,18394689.5,0.00202346435,296.45217,296.57581749999997,0.35593408375,30291175.5,0.008687560725,298.6487325,299.1118275,0.31111234499999996,31578975.5,0.0056020958999999,292.34952999999996,292.79573,0.401082105,8597073.25,0.012316804
126,Narita,2014,281.54744875,281.82838875,0.38970351187499996,48407394.5,0.017661007024999998,291.54302,291.63584000000003,0.3642127524999999,18964075.5,0.003729630225,296.67120375,296.76462125,0.37790334125,32691593.75,0.008561936175,297.05334625,297.4183025,0.35840982125,28410989.75,0.00930858185,291.3472925,291.66469,0.4044743175,10003661.75,0.0086181185
127,Narita,2015,281.868411875,282.1082,0.40285465125,45799991.375,0.016274010275,292.60445,292.70453,0.3384268875,18385945.5,0.00262376805,296.2110175,296.19930999999997,0.38978359,30337284.75,0.01372936285,297.4151975,297.85944125000003,0.34278035249999994,27032091.25,0.0147027507999999,290.98488,291.466525,0.3775196724999999,10964286.75,0.00336112555
128,Narita,2016,282.573573125,282.829125625,0.39268898875,44483234.25,0.013703399575,292.057685,292.1785075,0.36480278,18000679.0,0.004423593075,296.32044874999997,296.36481875000004,0.38696632,31129581.75,0.0107946078499999,298.31764875,298.45495,0.3973428025,24914992.0,0.016722612749999997,292.0473525,292.6040175,0.396780965,9638252.0,0.0035955343
129,Narita,2017,281.614245,281.904330625,0.380372778125,51258719.25,0.012371666449999999,292.0392675,292.15301,0.3548926175,17893773.0,0.003799343475,296.67894875,296.79067,0.3373233675,33378097.0,0.0061328957,297.38633500000003,297.64251875,0.38906917124999996,24685681.75,0.012480834425,290.602735,291.175,0.41857809,7724985.75,0.0131705535
130,Narita,2018,282.5248725,282.711569375,0.378274515,49950386.25,0.01169243905,292.143885,292.2093325,0.383726415,17583385.0,0.0066967714,297.53419875000003,297.60190875,0.35844513875,33979291.25,0.0101933373,298.34126249999997,298.68116499999996,0.37255391375,27596004.75,0.013662010774999999,292.0178975,292.511595,0.3932470675,9958797.0,0.001961070425
131,Narita,2019,281.9511975,282.180684375,0.3813046825,46732538.875,0.0128805107375,291.80132000000003,291.694275,0.366789405,18135234.0,0.00345230085,295.7292375,295.71526,0.39752042249999997,27926653.0,0.01467761525,299.13464375,299.45982125,0.33660742624999995,30160938.5,0.0071393526249999,292.9036675,293.3591725,0.39310145,8915188.0,0.0112903595
132,Narita,2020,282.72333875,283.051794375,0.3996647,46609338.75,0.01716862205,291.9479325,291.97335,0.378373745,15847613.25,0.0038641381,296.68654125,296.569215,0.404071,25070674.25,0.01702705575,299.22858375,299.64531999999997,0.31923904999999997,30147977.5,0.005513107575,290.6948,291.22380999999996,0.4044631724999999,8092002.625,0.008977848
133,Narita,2021,283.11521125,283.38248749999997,0.371448188125,50794908.5,0.01179832585,292.244455,292.2869525,0.3612527225,15510247.25,0.00373538735,296.64135875,296.65090375,0.37858492125,30825983.75,0.01478266705,297.5945825,297.79259625,0.39264485125000004,24716599.25,0.014969758849999999,291.37419,291.95795999999996,0.4095432725,9686036.5,0.007616856975
134,Narita,2022,281.7022075,281.9794525,0.385476558125,47272999.75,0.0156288557624999,291.35207,291.3103475,0.400229865,15893441.75,0.004837065225,297.18804624999996,297.21900625,0.37900534375,33452698.0,0.011244374575,298.56069125,298.8776175,0.37804746625,24338031.25,0.007121474425,290.942095,291.5015475,0.4007270324999999,7180111.875,0.0026507056
135,Narita,2023,283.1696275,283.39488375,0.38613341749999996,36842392.125,0.0071733403249999005,291.3721625,291.5080725,0.38968033,11714141.0,0.00261229875,297.81611375,297.8612175,0.34353378625,24762465.75,0.0051887262675,300.27262125,300.76554125,0.292002765,22713136.75,0.005489400375,291.788145,292.432725,0.3665094375,9045589.25,0.0026080099
139,Sanmu,1993,280.94236750000005,281.25785333333334,0.41665610583333335,49044357.5,0.0142258170999998,289.87368,289.99815666666666,0.3718894133333333,17620710.0,0.0021376127333333,294.18006,294.1866866666667,0.403506895,25827626.333333336,0.014798807633333199,296.16987666666665,296.33345499999996,0.4121979333333333,23689865.666666664,0.0124358236666665,289.63420333333335,290.06949000000003,0.4197332533333333,9937057.666666666,0.0051334594333333
140,Sanmu,1994,280.40001666666666,280.73110916666667,0.41352286166666663,49264585.166666664,0.0140624875666666,291.34620333333334,291.28318666666667,0.3588287466666666,16695988.0,0.0034267322333333,296.90634166666666,297.0016283333333,0.33507619999999994,32859794.0,0.0047195525666665,298.88359333333335,299.54835833333334,0.29912484500000003,31008034.0,0.0096551916666666,292.01885666666664,292.4746333333333,0.4072053433333333,9054525.666666666,0.0029850576666666
141,Sanmu,1995,280.9219225,281.15372,0.3873526533333333,49060119.333333336,0.010287308733333101,290.87168333333335,290.89763999999997,0.4072571966666666,15322877.333333334,0.0061875715333333,295.6945083333334,295.61584500000004,0.40869744666666663,28240291.333333336,0.0099231471333333,298.19211,299.00330999999994,0.2329515316666666,30670363.0,0.0084905464233332,291.4007,291.7697933333333,0.38594134,10570546.666666666,0.0027367042666666
142,Sanmu,1996,280.2114808333333,280.4749066666667,0.37343166,49279003.666666664,0.0096102777333332,289.7818966666667,289.93324666666666,0.35305514,17218084.666666668,0.0028090637666666,295.8558233333333,295.9814183333333,0.34346457166666666,31406622.0,0.0109824555999999,295.93051,296.39446499999997,0.32995249000000004,27211904.0,0.0126760452999999,289.93041999999997,290.24585333333334,0.4176487533333333,10313982.0,0.0025938170333333
143,Sanmu,1997,281.4163933333333,281.6007725,0.3831819258333333,50399682.0,0.009759298799999901,291.12597,291.2391866666667,0.3802398033333333,16203528.666666666,0.004001531,295.92738499999996,296.01079333333337,0.37606302,31993891.333333336,0.0078430242333333,297.0943,297.56870000000004,0.30832931499999994,27667648.666666664,0.0052639392666666,290.23141333333336,290.69500666666664,0.3463859733333334,12389450.333333334,0.0014672256666666
144,Sanmu,1998,281.7356766666667,281.8993775,0.4248110758333333,43748229.166666664,0.0186185712333331,292.4898733333334,292.36476666666664,0.41170027,14050917.0,0.0043950092666666,295.46465,295.4915183333334,0.4194404983333333,26610603.666666664,0.012588137366666599,297.6456866666667,297.89324166666665,0.422180355,25318177.333333336,0.0113120455999998,292.56232,293.00817666666666,0.4284471266666667,10229981.333333334,0.003958802
145,Sanmu,1999,281.15774166666665,281.30175583333335,0.3984955916666667,46470417.666666664,0.014718337899999899,291.48120666666665,291.44226,0.38814032,17036424.0,0.0034592614666666,296.0164833333333,295.98356666666666,0.3854735349999999,31215991.333333336,0.0097120004,299.35392,299.74907333333334,0.26810928166666664,31033290.333333336,0.0038052043666665,291.72096000000005,292.4623933333333,0.28944828,10209974.0,0.0037973558
146,Sanmu,2000,280.9674975,281.27546416666667,0.39166794083333334,50100717.666666664,0.0124876320666665,291.26928,291.41644333333335,0.40763308,17121958.0,0.0052133304999999,296.44945666666666,296.49087,0.4062360116666667,31527849.333333336,0.014053549499999901,298.22348999999997,298.58451833333334,0.35250128499999994,30145554.0,0.0074252195333333,291.0230833333333,291.5967733333333,0.4141038633333333,8931846.0,0.0042796923666666
147,Sanmu,2001,280.92900000000003,281.19803,0.39968427416666663,48193977.5,0.014277497433333201,291.18360666666666,291.1318166666667,0.38105567,15917186.666666666,0.0035619901,297.23063,297.390095,0.33330324,35191586.0,0.0050963029466666,296.67206666666664,297.22231,0.3333436166666667,27390656.666666668,0.0097513129666666,290.92642333333333,291.2440133333333,0.4222046266666666,10569740.0,0.0080306686666666
148,Sanmu,2002,282.4462833333333,282.53782916666665,0.3877580666666666,48798909.33333333,0.0117088614333332,290.11574,290.35273333333333,0.3760853066666667,16089727.333333334,0.003199462,296.373985,296.39662166666665,0.37651239999999997,31176060.666666664,0.0098243711666665,297.34131,297.87151,0.36004788666666665,29119708.0,0.0121582140333332,290.64903333333336,291.26418666666666,0.4179286366666666,10672414.333333334,0.0038948484333333
149,Sanmu,2003,280.72161416666665,280.85374916666666,0.42264975666666665,46446712.0,0.016326750466666498,290.25888333333336,290.2322466666667,0.3974096966666667,14980543.333333334,0.0039221521666666,294.98438500000003,295.05782166666665,0.392016645,27532620.0,0.006365603299999901,296.8011916666667,297.12488833333333,0.3923627616666666,26868169.333333336,0.0172957897333333,289.73687666666666,290.1824766666667,0.4201666933333333,9817845.333333334,0.0052906129999999
150,Sanmu,2004,281.9379166666667,282.2146808333333,0.3678225316666667,52444753.33333333,0.0097373325199998,291.4296733333333,291.53127666666666,0.4102185599999999,14546517.333333334,0.0063191605,297.2789016666667,297.49689,0.32625907666666665,36601859.33333333,0.0051786608333333,298.02176166666663,298.56144500000005,0.29954769499999995,29189323.333333332,0.0063585040333332,290.6535333333333,291.17687333333333,0.43557018,8169468.666666667,0.0183419156666666
151,Sanmu,2005,281.08376833333335,281.40058166666665,0.4088829199999999,49665687.0,0.0128344294999998,289.44621666666666,289.83996333333334,0.34569329,16929340.0,0.0035276332333333,295.83561499999996,295.8765133333333,0.41511794,29421136.666666664,0.013065424333333301,297.7414133333333,298.113525,0.39156521499999997,29658446.333333332,0.0079811599999999,291.52803666666665,292.0440966666667,0.4162772999999999,8905141.333333334,0.0040389949
152,Sanmu,2006,280.8591525,281.01201249999997,0.40560937666666663,45836389.0,0.0133566793666665,290.5438133333334,290.48669,0.4053492533333333,14637255.666666666,0.0038527652666666,295.62901666666664,295.61577,0.40760256333333333,27317574.666666664,0.0106932604999999,297.1717766666667,297.481745,0.39607511000000006,27648296.666666664,0.0098191376333333,291.3205766666667,291.8042766666667,0.4146957233333333,9868217.666666666,0.010944752
153,Sanmu,2007,282.03646083333336,282.3294183333333,0.3997787291666666,48613784.83333333,0.0111310666333332,290.9993,291.14893,0.3899527633333333,17984006.666666668,0.0037919679999999,295.35986333333335,295.51555333333334,0.3754918466666667,30995739.333333332,0.010484587833333302,298.728215,299.1316733333333,0.309695175,30170840.666666664,0.0069561847000000005,290.94608666666664,291.35582666666664,0.39627224,9730634.333333334,0.0071007914333333
154,Sanmu,2008,280.9684875,281.2297233333333,0.41038362249999993,47771557.0,0.0140407025666665,290.36705666666666,290.4555666666667,0.4199975333333333,14586521.666666666,0.0065543855333333,295.83323666666666,295.90555166666667,0.38648503,31462559.0,0.0084042396999999,297.53270166666664,298.0206283333333,0.3518481533333333,27924393.666666668,0.0106440773333333,291.45638,291.73913,0.4193474466666667,10100054.0,0.0033802133
155,Sanmu,2009,282.15642,282.4169775,0.4065895083333333,48026746.666666664,0.0141957103333332,291.73376666666667,291.77395,0.3791867933333333,15892759.666666666,0.0037363461666666,296.167335,296.1113233333333,0.4107517116666667,28105916.666666664,0.0103300872666666,296.0904116666667,296.47677,0.38358609666666665,26856109.666666664,0.0078203390333332,290.7565266666667,291.00348333333335,0.4121353666666666,9530411.666666666,0.0069861447666666
156,Sanmu,2010,281.2847591666667,281.50262499999997,0.41468177083333335,42390843.0,0.0169313343666666,290.61934,290.76973666666663,0.3917680566666666,17177714.666666668,0.0033070831333333,297.32050000000004,297.21760333333333,0.3951773566666667,33082343.333333336,0.0118226800999999,298.934885,299.46889500000003,0.34253644999999994,31063100.333333332,0.0125467467999999,291.42903666666666,291.92335,0.4340503666666667,8308241.333333333,0.0092353303333333
157,Sanmu,2011,280.6206575,280.99171333333334,0.38233547916666666,52067706.0,0.0101005617999999,290.66138666666666,290.78744333333333,0.3852979866666666,15930933.666666666,0.0063838438666666,296.93638833333335,296.9286433333333,0.360444235,31564076.0,0.0080105322333333,298.25883166666665,298.6114083333333,0.3766518833333333,29953524.0,0.0074704837333333,291.28407999999996,291.7034433333333,0.40141455,9676102.666666666,0.0049557656666666
158,Sanmu,2012,280.4491091666667,280.5390541666667,0.4101634775,45780140.666666664,0.014608467466666601,291.27587,291.3742966666667,0.3980695199999999,17454890.666666668,0.0041658028333333,295.6183933333333,295.6643016666667,0.3916256416666667,31198542.666666664,0.0089688943999999,298.8180433333333,299.27914,0.3074204316666666,30518267.0,0.0077832299666664995,291.1682866666667,291.8155,0.4246771566666666,10871466.666666666,0.0055560887
159,Sanmu,2013,281.44974083333335,281.5924975,0.40486104666666667,48718950.0,0.0119249521999999,290.8743533333333,291.09837666666664,0.33663935,18520531.333333332,0.0017511672,296.47854,296.6393883333334,0.34768090333333335,30839217.0,0.0075623078333332,298.6109866666667,299.097715,0.30195855,31825011.666666664,0.0051961095999998996,292.1760266666667,292.60723333333334,0.4139707866666666,8678750.333333334,0.011607262
160,Sanmu,2014,281.10984833333333,281.31672000000003,0.40156167749999994,49105274.666666664,0.0159779202999999,291.51258333333334,291.53524999999996,0.37103061,18718226.666666668,0.00361275,296.6514133333333,296.73830833333335,0.39103024,32887442.0,0.0085480767666666,296.981655,297.3577683333333,0.36118389166666665,28546520.666666664,0.008691926066666598,291.04656,291.36741,0.41928848,10245745.333333334,0.0077608865666666
161,Sanmu,2015,281.46327833333334,281.6260408333333,0.4200943091666667,46232033.0,0.0148746195333332,292.61153333333334,292.7060666666667,0.3316838933333333,18542360.666666668,0.0021225962333333,296.2679333333333,296.2336016666667,0.39920907333333333,30874999.0,0.0122894276999999,297.33440833333333,297.8035516666667,0.35001051666666666,27270366.333333336,0.0132312154333332,290.69207,291.14123,0.3837099466666667,10901449.666666666,0.0023891920666666
162,Sanmu,2016,282.16636916666664,282.3493583333333,0.40571886749999997,45026481.166666664,0.0118802169999999,292.01902666666666,292.0999366666667,0.3648111266666666,17964546.666666668,0.0039334744666666,296.25226166666664,296.321315,0.3921006816666667,31415726.666666664,0.009042463599999901,298.19462,298.37666,0.4043785466666666,25399204.666666668,0.0150432436666666,291.69413333333335,292.20684,0.4126685699999999,9792938.0,0.0030804621666666
163,Sanmu,2017,281.1707533333333,281.4180925,0.3967715658333333,51351755.33333333,0.011769909099999901,292.02042666666665,292.10269666666665,0.3638438166666666,17750473.333333332,0.0035352580333333,296.640395,296.74122666666665,0.3412508466666666,33353217.333333336,0.0061772712,297.20089333333334,297.49622,0.39072969833333326,25219047.0,0.0103859590666666,290.37375333333335,290.91428666666667,0.4344751966666667,7862433.0,0.0116617053333333
164,Sanmu,2018,282.1511283333333,282.24111750000003,0.39129548833333333,49905401.333333336,0.010758256133333099,292.05565666666666,292.10701666666665,0.39603516,17480562.666666668,0.0060728833333333,297.5315516666667,297.57024,0.3722685866666666,34025017.66666667,0.0094111598999999,298.2855016666667,298.65971666666667,0.37426015,27747868.666666664,0.0129080760666666,291.8353266666667,292.30415666666664,0.4047885133333333,9938323.333333334,0.0017360905666666
165,Sanmu,2019,281.60831833333333,281.7593875,0.39305427,47254562.0,0.011992064946666499,291.6618633333333,291.56370999999996,0.3756174433333333,18294374.0,0.0033757467666666,295.6396133333334,295.62421666666665,0.4136638133333333,28258566.333333336,0.013740378466666599,299.06587,299.3997333333333,0.33685256166666666,30469799.666666668,0.0062035085999998995,292.70099,293.17283,0.4019499233333333,9093761.0,0.0097073889999999
166,Sanmu,2020,282.3591425,282.66287083333333,0.41712051249999993,46906193.833333336,0.014675172533333199,291.8657733333334,291.86845999999997,0.3973211866666666,15881743.333333334,0.0036277453666666,296.56483333333335,296.449605,0.4225924116666666,25232805.333333336,0.0168473561999999,299.116635,299.5616366666667,0.3190456216666666,30413659.0,0.0042725091333333,290.41904,290.9705466666667,0.4156921899999999,8081536.666666667,0.0086642943333333
167,Sanmu,2021,282.71934999999996,282.93526166666663,0.3785541933333333,51179952.0,0.0110129912333332,292.1522,292.2002333333333,0.3614921966666666,15413904.0,0.0033316746333333,296.4811966666667,296.535055,0.3848092516666667,31262555.666666664,0.013637621499999902,297.42415,297.626685,0.4089026533333333,25351462.666666668,0.013080975866666601,291.08229,291.67716,0.4230542866666666,9797489.333333334,0.0070057975666666
168,Sanmu,2022,281.3359008333333,281.54659583333336,0.4017508108333333,47972305.333333336,0.0146696495866665,291.12448333333333,291.11029,0.4154528166666666,15985932.333333334,0.004505098,297.2067533333334,297.2348483333334,0.38405141333333326,33959186.666666664,0.0105774247666666,298.4124566666667,298.75032166666665,0.387465705,24836140.0,0.006806388266666599,290.7012233333333,291.2607,0.4108476266666667,7201773.833333333,0.0023661007333333
169,Sanmu,2023,282.81172166666664,283.01434333333333,0.3989520575,37290413.166666664,0.0063855085233332,291.14007999999995,291.29811333333333,0.40068592,11756523.333333334,0.0025340568333333,297.8271183333334,297.8366216666667,0.35292899833333324,24804096.333333336,0.0050891363466666,300.33175500000004,300.96626000000003,0.26469076666666663,22903525.666666664,0.0045205471766665995,291.4153533333333,292.1242333333334,0.364954,9065056.0,0.0024443774
